timestamp,level
2025-07-04T06:40:00Z,SEDENTARY
2025-07-04T06:41:00Z,SEDENTARY
2025-07-04T06:44:00Z,SEDENTARY
2025-07-04T06:45:00Z,SEDENTARY
2025-07-04T06:46:00Z,SEDENTARY
2025-07-04T06:47:00Z,SEDENTARY
2025-07-04T06:48:00Z,SEDENTARY
2025-07-04T06:49:00Z,SEDENTARY
2025-07-04T06:53:00Z,SEDENTARY
2025-07-04T07:03:00Z,SEDENTARY
2025-07-04T07:05:00Z,SEDENTARY
2025-07-04T07:08:00Z,SEDENTARY
2025-07-04T07:10:00Z,SEDENTARY
2025-07-04T07:13:00Z,SEDENTARY
2025-07-04T07:14:00Z,SEDENTARY
2025-07-04T07:15:00Z,SEDENTARY
2025-07-04T07:16:00Z,SEDENTARY
2025-07-04T07:17:00Z,SEDENTARY
2025-07-04T07:19:00Z,SEDENTARY
2025-07-04T07:22:00Z,SEDENTARY
2025-07-04T07:23:00Z,SEDENTARY
2025-07-04T07:24:00Z,SEDENTARY
2025-07-04T07:25:00Z,SEDENTARY
2025-07-04T07:26:00Z,SEDENTARY
2025-07-04T07:27:00Z,LIGHTLY_ACTIVE
2025-07-04T07:42:00Z,SEDENTARY
2025-07-04T07:53:00Z,SEDENTARY
2025-07-04T08:01:00Z,SEDENTARY
2025-07-04T08:02:00Z,SEDENTARY
2025-07-04T08:08:00Z,SEDENTARY
2025-07-04T08:10:00Z,SEDENTARY
2025-07-04T08:17:00Z,SEDENTARY
2025-07-04T08:19:00Z,LIGHTLY_ACTIVE
2025-07-04T08:20:00Z,LIGHTLY_ACTIVE
2025-07-04T08:21:00Z,LIGHTLY_ACTIVE
2025-07-04T08:22:00Z,SEDENTARY
2025-07-04T08:23:00Z,SEDENTARY
2025-07-04T08:24:00Z,SEDENTARY
2025-07-04T08:25:00Z,SEDENTARY
2025-07-04T08:26:00Z,SEDENTARY
2025-07-04T08:27:00Z,SEDENTARY
2025-07-04T08:28:00Z,SEDENTARY
2025-07-04T08:29:00Z,SEDENTARY
2025-07-04T08:30:00Z,SEDENTARY
2025-07-04T08:31:00Z,SEDENTARY
2025-07-04T08:32:00Z,SEDENTARY
2025-07-04T08:44:00Z,SEDENTARY
2025-07-04T08:50:00Z,SEDENTARY
2025-07-04T08:51:00Z,LIGHTLY_ACTIVE
2025-07-04T08:52:00Z,LIGHTLY_ACTIVE
2025-07-04T08:54:00Z,SEDENTARY
2025-07-04T08:55:00Z,SEDENTARY
2025-07-04T08:56:00Z,SEDENTARY
2025-07-04T08:59:00Z,SEDENTARY
2025-07-04T09:00:00Z,SEDENTARY
2025-07-04T09:01:00Z,SEDENTARY
2025-07-04T09:02:00Z,SEDENTARY
2025-07-04T09:03:00Z,SEDENTARY
2025-07-04T09:11:00Z,LIGHTLY_ACTIVE
2025-07-04T09:12:00Z,SEDENTARY
2025-07-04T10:19:00Z,SEDENTARY
2025-07-04T11:45:00Z,LIGHTLY_ACTIVE
2025-07-04T13:24:00Z,SEDENTARY
2025-07-04T13:37:00Z,SEDENTARY
2025-07-04T13:46:00Z,SEDENTARY
2025-07-04T14:20:00Z,SEDENTARY
2025-07-04T14:40:00Z,SEDENTARY
2025-07-04T14:53:00Z,SEDENTARY
2025-07-04T15:27:00Z,SEDENTARY
2025-07-04T16:11:00Z,SEDENTARY
2025-07-04T16:15:00Z,LIGHTLY_ACTIVE
2025-07-04T16:31:00Z,SEDENTARY
2025-07-04T16:32:00Z,SEDENTARY
2025-07-04T16:37:00Z,SEDENTARY
2025-07-04T16:44:00Z,SEDENTARY
2025-07-04T16:45:00Z,LIGHTLY_ACTIVE
2025-07-04T16:46:00Z,SEDENTARY
2025-07-04T17:08:00Z,SEDENTARY
2025-07-04T17:09:00Z,SEDENTARY
2025-07-04T17:10:00Z,SEDENTARY
2025-07-04T17:11:00Z,LIGHTLY_ACTIVE
2025-07-04T17:12:00Z,LIGHTLY_ACTIVE
2025-07-04T17:13:00Z,SEDENTARY
2025-07-04T17:14:00Z,LIGHTLY_ACTIVE
2025-07-04T17:15:00Z,SEDENTARY
2025-07-04T17:16:00Z,SEDENTARY
2025-07-04T17:17:00Z,LIGHTLY_ACTIVE
2025-07-04T17:18:00Z,SEDENTARY
2025-07-04T17:20:00Z,SEDENTARY
2025-07-04T17:21:00Z,SEDENTARY
2025-07-04T17:22:00Z,SEDENTARY
2025-07-04T17:24:00Z,SEDENTARY
2025-07-04T17:27:00Z,SEDENTARY
2025-07-04T17:30:00Z,LIGHTLY_ACTIVE
2025-07-04T17:31:00Z,SEDENTARY
2025-07-04T17:39:00Z,LIGHTLY_ACTIVE
2025-07-04T17:40:00Z,MODERATELY_ACTIVE
2025-07-04T17:41:00Z,SEDENTARY
2025-07-04T17:43:00Z,SEDENTARY
2025-07-04T17:44:00Z,SEDENTARY
2025-07-04T17:45:00Z,SEDENTARY
2025-07-04T17:46:00Z,LIGHTLY_ACTIVE
2025-07-04T17:47:00Z,MODERATELY_ACTIVE
2025-07-04T17:48:00Z,LIGHTLY_ACTIVE
2025-07-04T17:49:00Z,LIGHTLY_ACTIVE
2025-07-04T17:50:00Z,LIGHTLY_ACTIVE
2025-07-04T17:51:00Z,LIGHTLY_ACTIVE
2025-07-04T17:52:00Z,SEDENTARY
2025-07-04T17:53:00Z,SEDENTARY
2025-07-04T17:54:00Z,SEDENTARY
2025-07-04T17:55:00Z,LIGHTLY_ACTIVE
2025-07-04T17:56:00Z,LIGHTLY_ACTIVE
2025-07-04T17:57:00Z,SEDENTARY
2025-07-04T17:58:00Z,SEDENTARY
2025-07-04T18:00:00Z,SEDENTARY
2025-07-04T18:01:00Z,MODERATELY_ACTIVE
2025-07-04T18:02:00Z,MODERATELY_ACTIVE
2025-07-04T18:03:00Z,MODERATELY_ACTIVE
2025-07-04T18:04:00Z,MODERATELY_ACTIVE
2025-07-04T18:05:00Z,MODERATELY_ACTIVE
2025-07-04T18:06:00Z,VERY_ACTIVE
2025-07-04T18:07:00Z,VERY_ACTIVE
2025-07-04T18:08:00Z,VERY_ACTIVE
2025-07-04T18:09:00Z,VERY_ACTIVE
2025-07-04T18:10:00Z,VERY_ACTIVE
2025-07-04T18:11:00Z,VERY_ACTIVE
2025-07-04T18:12:00Z,VERY_ACTIVE
2025-07-04T18:13:00Z,VERY_ACTIVE
2025-07-04T18:14:00Z,VERY_ACTIVE
2025-07-04T18:15:00Z,VERY_ACTIVE
2025-07-04T18:16:00Z,VERY_ACTIVE
2025-07-04T18:17:00Z,VERY_ACTIVE
2025-07-04T18:18:00Z,VERY_ACTIVE
2025-07-04T18:19:00Z,VERY_ACTIVE
2025-07-04T18:20:00Z,VERY_ACTIVE
2025-07-04T18:21:00Z,VERY_ACTIVE
2025-07-04T18:22:00Z,VERY_ACTIVE
2025-07-04T18:23:00Z,VERY_ACTIVE
2025-07-04T18:24:00Z,VERY_ACTIVE
2025-07-04T18:25:00Z,VERY_ACTIVE
2025-07-04T18:26:00Z,VERY_ACTIVE
2025-07-04T18:27:00Z,VERY_ACTIVE
2025-07-04T18:28:00Z,VERY_ACTIVE
2025-07-04T18:29:00Z,MODERATELY_ACTIVE
2025-07-04T18:30:00Z,LIGHTLY_ACTIVE
2025-07-04T18:31:00Z,LIGHTLY_ACTIVE
2025-07-04T18:32:00Z,LIGHTLY_ACTIVE
2025-07-04T18:33:00Z,LIGHTLY_ACTIVE
2025-07-04T18:34:00Z,LIGHTLY_ACTIVE
2025-07-04T18:35:00Z,MODERATELY_ACTIVE
2025-07-04T18:36:00Z,LIGHTLY_ACTIVE
2025-07-04T18:37:00Z,LIGHTLY_ACTIVE
2025-07-04T18:38:00Z,LIGHTLY_ACTIVE
2025-07-04T18:39:00Z,MODERATELY_ACTIVE
2025-07-04T18:40:00Z,MODERATELY_ACTIVE
2025-07-04T18:41:00Z,MODERATELY_ACTIVE
2025-07-04T18:42:00Z,MODERATELY_ACTIVE
2025-07-04T18:43:00Z,SEDENTARY
2025-07-04T18:44:00Z,LIGHTLY_ACTIVE
2025-07-04T18:45:00Z,SEDENTARY
2025-07-04T18:46:00Z,SEDENTARY
2025-07-04T18:47:00Z,MODERATELY_ACTIVE
2025-07-04T18:48:00Z,MODERATELY_ACTIVE
2025-07-04T18:49:00Z,MODERATELY_ACTIVE
2025-07-04T18:50:00Z,SEDENTARY
2025-07-04T18:51:00Z,SEDENTARY
2025-07-04T18:52:00Z,SEDENTARY
2025-07-04T18:53:00Z,SEDENTARY
2025-07-04T18:54:00Z,SEDENTARY
2025-07-04T18:55:00Z,SEDENTARY
2025-07-04T18:56:00Z,SEDENTARY
2025-07-04T18:57:00Z,SEDENTARY
2025-07-04T18:58:00Z,SEDENTARY
2025-07-04T18:59:00Z,SEDENTARY
2025-07-04T19:00:00Z,SEDENTARY
2025-07-04T19:02:00Z,SEDENTARY
2025-07-04T19:04:00Z,SEDENTARY
2025-07-04T19:05:00Z,SEDENTARY
2025-07-04T19:08:00Z,SEDENTARY
2025-07-04T19:09:00Z,SEDENTARY
2025-07-04T19:10:00Z,SEDENTARY
2025-07-04T19:12:00Z,SEDENTARY
2025-07-04T19:13:00Z,SEDENTARY
2025-07-04T19:14:00Z,SEDENTARY
2025-07-04T19:15:00Z,SEDENTARY
2025-07-04T19:16:00Z,SEDENTARY
2025-07-04T19:17:00Z,SEDENTARY
2025-07-04T19:18:00Z,SEDENTARY
2025-07-04T19:20:00Z,SEDENTARY
2025-07-04T19:21:00Z,SEDENTARY
2025-07-04T19:22:00Z,SEDENTARY
2025-07-04T19:26:00Z,SEDENTARY
2025-07-04T19:27:00Z,SEDENTARY
2025-07-04T19:28:00Z,SEDENTARY
2025-07-04T19:31:00Z,SEDENTARY
2025-07-04T19:32:00Z,SEDENTARY
2025-07-04T19:33:00Z,SEDENTARY
2025-07-04T19:34:00Z,SEDENTARY
2025-07-04T19:35:00Z,SEDENTARY
2025-07-04T19:41:00Z,SEDENTARY
2025-07-04T19:42:00Z,SEDENTARY
2025-07-04T20:12:00Z,SEDENTARY
2025-07-04T20:50:00Z,SEDENTARY
2025-07-04T21:25:00Z,SEDENTARY
2025-07-04T21:26:00Z,SEDENTARY
2025-07-04T21:29:00Z,SEDENTARY
2025-07-04T21:30:00Z,SEDENTARY
2025-07-04T21:31:00Z,SEDENTARY
2025-07-04T21:32:00Z,SEDENTARY
2025-07-04T21:33:00Z,SEDENTARY
2025-07-04T21:34:00Z,SEDENTARY
2025-07-04T21:36:00Z,SEDENTARY
2025-07-04T21:37:00Z,SEDENTARY
2025-07-04T21:40:00Z,SEDENTARY
2025-07-04T21:41:00Z,SEDENTARY
2025-07-04T21:44:00Z,SEDENTARY
2025-07-04T21:50:00Z,SEDENTARY
2025-07-04T21:51:00Z,SEDENTARY
2025-07-04T21:52:00Z,SEDENTARY
2025-07-04T21:53:00Z,SEDENTARY
2025-07-04T21:54:00Z,SEDENTARY
2025-07-04T21:55:00Z,SEDENTARY
2025-07-04T21:56:00Z,SEDENTARY
2025-07-04T21:57:00Z,SEDENTARY
2025-07-04T21:58:00Z,SEDENTARY
2025-07-04T21:59:00Z,SEDENTARY
2025-07-04T22:04:00Z,SEDENTARY
2025-07-04T22:14:00Z,SEDENTARY
2025-07-04T22:15:00Z,SEDENTARY
2025-07-04T22:16:00Z,SEDENTARY
2025-07-04T22:18:00Z,SEDENTARY
2025-07-04T22:25:00Z,SEDENTARY
2025-07-04T22:26:00Z,SEDENTARY
2025-07-04T22:27:00Z,SEDENTARY
2025-07-04T22:28:00Z,SEDENTARY
2025-07-04T22:29:00Z,SEDENTARY
2025-07-04T22:30:00Z,LIGHTLY_ACTIVE
2025-07-04T22:31:00Z,SEDENTARY
2025-07-04T22:32:00Z,SEDENTARY
2025-07-04T22:33:00Z,SEDENTARY
2025-07-04T22:34:00Z,SEDENTARY
2025-07-04T22:35:00Z,SEDENTARY
2025-07-04T22:36:00Z,SEDENTARY
2025-07-04T22:37:00Z,SEDENTARY
2025-07-04T22:40:00Z,SEDENTARY
2025-07-04T22:45:00Z,SEDENTARY
2025-07-04T22:46:00Z,SEDENTARY
2025-07-04T22:47:00Z,SEDENTARY
2025-07-04T22:48:00Z,SEDENTARY
2025-07-04T22:49:00Z,SEDENTARY
2025-07-04T22:50:00Z,SEDENTARY
2025-07-04T22:51:00Z,SEDENTARY
2025-07-04T22:53:00Z,SEDENTARY
2025-07-04T22:54:00Z,SEDENTARY
2025-07-04T22:56:00Z,SEDENTARY
2025-07-04T22:57:00Z,SEDENTARY
2025-07-04T22:58:00Z,LIGHTLY_ACTIVE
2025-07-04T22:59:00Z,SEDENTARY
2025-07-04T23:00:00Z,SEDENTARY
2025-07-04T23:01:00Z,SEDENTARY
2025-07-04T23:02:00Z,SEDENTARY
2025-07-04T23:05:00Z,SEDENTARY
2025-07-04T23:06:00Z,SEDENTARY
2025-07-04T23:07:00Z,SEDENTARY
2025-07-04T23:09:00Z,SEDENTARY
2025-07-04T23:10:00Z,SEDENTARY
2025-07-04T23:13:00Z,SEDENTARY
2025-07-04T23:15:00Z,SEDENTARY
2025-07-04T23:17:00Z,SEDENTARY
2025-07-04T23:18:00Z,SEDENTARY
2025-07-04T23:21:00Z,SEDENTARY
2025-07-04T23:22:00Z,SEDENTARY
2025-07-04T23:28:00Z,SEDENTARY
2025-07-04T23:32:00Z,SEDENTARY
2025-07-04T23:33:00Z,SEDENTARY
2025-07-04T23:35:00Z,SEDENTARY
2025-07-04T23:37:00Z,SEDENTARY
2025-07-04T23:48:00Z,SEDENTARY
2025-07-04T23:53:00Z,SEDENTARY
2025-07-04T23:54:00Z,SEDENTARY
2025-07-05T00:05:00Z,SEDENTARY
2025-07-05T00:14:00Z,SEDENTARY
2025-07-05T00:17:00Z,SEDENTARY
2025-07-05T00:18:00Z,SEDENTARY
2025-07-05T00:28:00Z,SEDENTARY
2025-07-05T00:33:00Z,SEDENTARY
2025-07-05T00:40:00Z,SEDENTARY
2025-07-05T01:15:00Z,LIGHTLY_ACTIVE
2025-07-05T01:16:00Z,LIGHTLY_ACTIVE
2025-07-05T01:17:00Z,LIGHTLY_ACTIVE
2025-07-05T01:18:00Z,SEDENTARY
2025-07-05T01:19:00Z,LIGHTLY_ACTIVE
2025-07-05T01:20:00Z,SEDENTARY
2025-07-05T01:21:00Z,MODERATELY_ACTIVE
2025-07-05T01:22:00Z,MODERATELY_ACTIVE
2025-07-05T01:23:00Z,LIGHTLY_ACTIVE
2025-07-05T01:24:00Z,LIGHTLY_ACTIVE
2025-07-05T01:25:00Z,SEDENTARY
2025-07-05T01:26:00Z,SEDENTARY
2025-07-05T01:27:00Z,LIGHTLY_ACTIVE
2025-07-05T01:28:00Z,LIGHTLY_ACTIVE
2025-07-05T01:29:00Z,SEDENTARY
2025-07-05T01:30:00Z,SEDENTARY
2025-07-05T01:31:00Z,SEDENTARY
2025-07-05T01:32:00Z,LIGHTLY_ACTIVE
2025-07-05T01:33:00Z,LIGHTLY_ACTIVE
2025-07-05T01:34:00Z,SEDENTARY
2025-07-05T01:35:00Z,SEDENTARY
2025-07-05T01:36:00Z,SEDENTARY
2025-07-05T01:37:00Z,LIGHTLY_ACTIVE
2025-07-05T01:38:00Z,LIGHTLY_ACTIVE
2025-07-05T01:39:00Z,LIGHTLY_ACTIVE
2025-07-05T01:40:00Z,SEDENTARY
2025-07-05T01:41:00Z,SEDENTARY
2025-07-05T01:43:00Z,SEDENTARY
2025-07-05T01:44:00Z,SEDENTARY
2025-07-05T01:45:00Z,SEDENTARY
2025-07-05T01:46:00Z,SEDENTARY
2025-07-05T01:47:00Z,SEDENTARY
2025-07-05T01:48:00Z,LIGHTLY_ACTIVE
2025-07-05T01:49:00Z,LIGHTLY_ACTIVE
2025-07-05T01:50:00Z,SEDENTARY
2025-07-05T01:51:00Z,SEDENTARY
2025-07-05T01:52:00Z,LIGHTLY_ACTIVE
2025-07-05T01:53:00Z,SEDENTARY
2025-07-05T01:54:00Z,SEDENTARY
2025-07-05T01:55:00Z,SEDENTARY
2025-07-05T01:56:00Z,SEDENTARY
2025-07-05T01:57:00Z,SEDENTARY
2025-07-05T01:58:00Z,SEDENTARY
2025-07-05T02:01:00Z,SEDENTARY
2025-07-05T02:02:00Z,SEDENTARY
2025-07-05T02:03:00Z,SEDENTARY
2025-07-05T02:04:00Z,SEDENTARY
2025-07-05T02:05:00Z,SEDENTARY
2025-07-05T02:06:00Z,SEDENTARY
2025-07-05T02:07:00Z,SEDENTARY
2025-07-05T02:08:00Z,SEDENTARY
2025-07-05T02:09:00Z,SEDENTARY
2025-07-05T02:10:00Z,SEDENTARY
2025-07-05T02:11:00Z,SEDENTARY
2025-07-05T02:12:00Z,LIGHTLY_ACTIVE
2025-07-05T02:13:00Z,SEDENTARY
2025-07-05T02:14:00Z,LIGHTLY_ACTIVE
2025-07-05T02:15:00Z,LIGHTLY_ACTIVE
2025-07-05T02:16:00Z,LIGHTLY_ACTIVE
2025-07-05T02:17:00Z,LIGHTLY_ACTIVE
2025-07-05T02:18:00Z,LIGHTLY_ACTIVE
2025-07-05T02:19:00Z,MODERATELY_ACTIVE
2025-07-05T02:20:00Z,MODERATELY_ACTIVE
2025-07-05T02:21:00Z,LIGHTLY_ACTIVE
2025-07-05T02:22:00Z,SEDENTARY
2025-07-05T02:23:00Z,SEDENTARY
2025-07-05T02:24:00Z,MODERATELY_ACTIVE
2025-07-05T02:25:00Z,LIGHTLY_ACTIVE
2025-07-05T02:26:00Z,LIGHTLY_ACTIVE
2025-07-05T02:27:00Z,LIGHTLY_ACTIVE
2025-07-05T02:28:00Z,LIGHTLY_ACTIVE
2025-07-05T02:29:00Z,SEDENTARY
2025-07-05T02:30:00Z,SEDENTARY
2025-07-05T02:31:00Z,SEDENTARY
2025-07-05T02:32:00Z,LIGHTLY_ACTIVE
2025-07-05T02:33:00Z,LIGHTLY_ACTIVE
2025-07-05T02:34:00Z,SEDENTARY
2025-07-05T02:35:00Z,SEDENTARY
2025-07-05T02:36:00Z,SEDENTARY
2025-07-05T02:37:00Z,LIGHTLY_ACTIVE
2025-07-05T02:38:00Z,MODERATELY_ACTIVE
2025-07-05T02:39:00Z,MODERATELY_ACTIVE
2025-07-05T02:40:00Z,LIGHTLY_ACTIVE
2025-07-05T02:41:00Z,LIGHTLY_ACTIVE
2025-07-05T02:42:00Z,MODERATELY_ACTIVE
2025-07-05T02:43:00Z,VERY_ACTIVE
2025-07-05T02:44:00Z,VERY_ACTIVE
2025-07-05T02:45:00Z,VERY_ACTIVE
2025-07-05T02:46:00Z,VERY_ACTIVE
2025-07-05T02:47:00Z,VERY_ACTIVE
2025-07-05T02:48:00Z,VERY_ACTIVE
2025-07-05T02:49:00Z,VERY_ACTIVE
2025-07-05T02:50:00Z,VERY_ACTIVE
2025-07-05T02:51:00Z,VERY_ACTIVE
2025-07-05T02:52:00Z,VERY_ACTIVE
2025-07-05T02:53:00Z,VERY_ACTIVE
2025-07-05T02:54:00Z,VERY_ACTIVE
2025-07-05T02:55:00Z,VERY_ACTIVE
2025-07-05T02:56:00Z,VERY_ACTIVE
2025-07-05T02:57:00Z,VERY_ACTIVE
2025-07-05T02:58:00Z,VERY_ACTIVE
2025-07-05T02:59:00Z,VERY_ACTIVE
2025-07-05T03:00:00Z,MODERATELY_ACTIVE
2025-07-05T03:01:00Z,LIGHTLY_ACTIVE
2025-07-05T03:02:00Z,SEDENTARY
2025-07-05T03:03:00Z,SEDENTARY
2025-07-05T03:04:00Z,LIGHTLY_ACTIVE
2025-07-05T03:05:00Z,LIGHTLY_ACTIVE
2025-07-05T03:06:00Z,SEDENTARY
2025-07-05T03:07:00Z,SEDENTARY
2025-07-05T03:08:00Z,LIGHTLY_ACTIVE
2025-07-05T03:09:00Z,LIGHTLY_ACTIVE
2025-07-05T03:10:00Z,LIGHTLY_ACTIVE
2025-07-05T03:11:00Z,LIGHTLY_ACTIVE
2025-07-05T03:12:00Z,LIGHTLY_ACTIVE
2025-07-05T03:13:00Z,MODERATELY_ACTIVE
2025-07-05T03:14:00Z,LIGHTLY_ACTIVE
2025-07-05T03:15:00Z,MODERATELY_ACTIVE
2025-07-05T03:16:00Z,MODERATELY_ACTIVE
2025-07-05T03:17:00Z,MODERATELY_ACTIVE
2025-07-05T03:18:00Z,LIGHTLY_ACTIVE
2025-07-05T03:19:00Z,SEDENTARY
2025-07-05T03:20:00Z,SEDENTARY
2025-07-05T03:21:00Z,SEDENTARY
2025-07-05T03:22:00Z,SEDENTARY
2025-07-05T03:27:00Z,SEDENTARY
2025-07-05T03:28:00Z,SEDENTARY
2025-07-05T03:29:00Z,SEDENTARY
2025-07-05T03:37:00Z,SEDENTARY
2025-07-05T03:38:00Z,SEDENTARY
2025-07-05T03:39:00Z,SEDENTARY
2025-07-05T03:52:00Z,SEDENTARY
2025-07-05T03:54:00Z,SEDENTARY
2025-07-05T03:55:00Z,SEDENTARY
2025-07-05T03:58:00Z,SEDENTARY
2025-07-05T04:02:00Z,SEDENTARY
2025-07-05T04:04:00Z,SEDENTARY
2025-07-05T04:05:00Z,SEDENTARY
2025-07-05T04:07:00Z,LIGHTLY_ACTIVE
2025-07-05T04:08:00Z,LIGHTLY_ACTIVE
2025-07-05T04:09:00Z,LIGHTLY_ACTIVE
2025-07-05T04:10:00Z,LIGHTLY_ACTIVE
2025-07-05T04:11:00Z,LIGHTLY_ACTIVE
2025-07-05T04:12:00Z,SEDENTARY
2025-07-05T04:13:00Z,SEDENTARY
2025-07-05T04:14:00Z,LIGHTLY_ACTIVE
2025-07-05T04:15:00Z,SEDENTARY
2025-07-05T04:16:00Z,SEDENTARY
2025-07-05T04:17:00Z,SEDENTARY
2025-07-05T04:18:00Z,MODERATELY_ACTIVE
2025-07-05T04:19:00Z,MODERATELY_ACTIVE
2025-07-05T04:20:00Z,SEDENTARY
2025-07-05T04:21:00Z,SEDENTARY
2025-07-05T04:22:00Z,SEDENTARY
2025-07-05T04:23:00Z,SEDENTARY
2025-07-05T04:24:00Z,SEDENTARY
2025-07-05T04:25:00Z,SEDENTARY
2025-07-05T04:26:00Z,SEDENTARY
2025-07-05T04:27:00Z,SEDENTARY
2025-07-05T04:28:00Z,SEDENTARY
2025-07-05T04:29:00Z,SEDENTARY
2025-07-05T04:30:00Z,SEDENTARY
2025-07-05T04:31:00Z,SEDENTARY
2025-07-05T04:32:00Z,LIGHTLY_ACTIVE
2025-07-05T04:33:00Z,LIGHTLY_ACTIVE
2025-07-05T04:34:00Z,MODERATELY_ACTIVE
2025-07-05T04:35:00Z,MODERATELY_ACTIVE
2025-07-05T04:36:00Z,SEDENTARY
2025-07-05T04:37:00Z,SEDENTARY
2025-07-05T04:38:00Z,SEDENTARY
2025-07-05T04:39:00Z,SEDENTARY
2025-07-05T04:40:00Z,SEDENTARY
2025-07-05T04:41:00Z,SEDENTARY
2025-07-05T04:42:00Z,SEDENTARY
2025-07-05T04:43:00Z,SEDENTARY
2025-07-05T04:45:00Z,SEDENTARY
2025-07-05T04:46:00Z,SEDENTARY
2025-07-05T04:47:00Z,SEDENTARY
2025-07-05T04:48:00Z,SEDENTARY
2025-07-05T04:50:00Z,SEDENTARY
2025-07-05T04:51:00Z,SEDENTARY
2025-07-05T04:52:00Z,SEDENTARY
2025-07-05T05:05:00Z,SEDENTARY
2025-07-05T05:07:00Z,SEDENTARY
2025-07-05T05:10:00Z,LIGHTLY_ACTIVE
2025-07-05T05:18:00Z,SEDENTARY
2025-07-05T05:20:00Z,SEDENTARY
2025-07-05T05:22:00Z,SEDENTARY
2025-07-05T05:26:00Z,SEDENTARY
2025-07-05T05:28:00Z,SEDENTARY
2025-07-05T05:30:00Z,SEDENTARY
2025-07-05T05:37:00Z,SEDENTARY
2025-07-05T05:38:00Z,LIGHTLY_ACTIVE
2025-07-05T05:39:00Z,LIGHTLY_ACTIVE
2025-07-05T05:40:00Z,LIGHTLY_ACTIVE
2025-07-05T05:41:00Z,SEDENTARY
2025-07-05T05:42:00Z,SEDENTARY
2025-07-05T05:43:00Z,SEDENTARY
2025-07-05T05:44:00Z,SEDENTARY
2025-07-05T05:45:00Z,SEDENTARY
2025-07-05T05:46:00Z,SEDENTARY
2025-07-05T05:47:00Z,SEDENTARY
2025-07-05T05:48:00Z,SEDENTARY
2025-07-05T05:49:00Z,SEDENTARY
2025-07-05T05:51:00Z,SEDENTARY
2025-07-05T05:54:00Z,SEDENTARY
2025-07-05T05:55:00Z,SEDENTARY
2025-07-05T05:57:00Z,SEDENTARY
2025-07-05T05:58:00Z,SEDENTARY
2025-07-05T06:00:00Z,SEDENTARY
2025-07-05T06:04:00Z,SEDENTARY
2025-07-05T06:05:00Z,SEDENTARY
2025-07-05T06:06:00Z,SEDENTARY
2025-07-05T06:07:00Z,SEDENTARY
2025-07-05T06:09:00Z,SEDENTARY
2025-07-05T06:12:00Z,SEDENTARY
2025-07-05T06:14:00Z,SEDENTARY
2025-07-05T06:17:00Z,SEDENTARY
2025-07-05T06:18:00Z,SEDENTARY
2025-07-05T06:19:00Z,SEDENTARY
2025-07-05T06:20:00Z,SEDENTARY
2025-07-05T06:21:00Z,SEDENTARY
2025-07-05T06:22:00Z,SEDENTARY
2025-07-05T06:25:00Z,SEDENTARY
2025-07-05T06:26:00Z,SEDENTARY
2025-07-05T06:27:00Z,LIGHTLY_ACTIVE
2025-07-05T06:28:00Z,SEDENTARY
2025-07-05T06:29:00Z,SEDENTARY
2025-07-05T06:30:00Z,SEDENTARY
2025-07-05T06:31:00Z,SEDENTARY
2025-07-05T06:32:00Z,SEDENTARY
2025-07-05T06:33:00Z,SEDENTARY
2025-07-05T06:34:00Z,SEDENTARY
2025-07-05T06:35:00Z,SEDENTARY
2025-07-05T06:37:00Z,SEDENTARY
2025-07-05T06:38:00Z,SEDENTARY
2025-07-05T06:39:00Z,SEDENTARY
2025-07-05T06:40:00Z,SEDENTARY
2025-07-05T06:41:00Z,LIGHTLY_ACTIVE
2025-07-05T06:42:00Z,SEDENTARY
2025-07-05T06:43:00Z,SEDENTARY
2025-07-05T06:44:00Z,SEDENTARY
2025-07-05T06:45:00Z,SEDENTARY
2025-07-05T06:46:00Z,SEDENTARY
2025-07-05T06:47:00Z,SEDENTARY
2025-07-05T06:55:00Z,SEDENTARY
2025-07-05T06:56:00Z,SEDENTARY
2025-07-05T06:57:00Z,SEDENTARY
2025-07-05T06:58:00Z,SEDENTARY
2025-07-05T06:59:00Z,SEDENTARY
2025-07-05T07:00:00Z,SEDENTARY
2025-07-05T07:01:00Z,SEDENTARY
2025-07-05T07:02:00Z,SEDENTARY
2025-07-05T07:03:00Z,SEDENTARY
2025-07-05T07:05:00Z,SEDENTARY
2025-07-05T07:06:00Z,SEDENTARY
2025-07-05T07:07:00Z,SEDENTARY
2025-07-05T07:08:00Z,SEDENTARY
2025-07-05T07:09:00Z,SEDENTARY
2025-07-05T07:10:00Z,SEDENTARY
2025-07-05T07:11:00Z,SEDENTARY
2025-07-05T07:12:00Z,LIGHTLY_ACTIVE
2025-07-05T07:13:00Z,LIGHTLY_ACTIVE
2025-07-05T07:14:00Z,LIGHTLY_ACTIVE
2025-07-05T07:15:00Z,SEDENTARY
2025-07-05T07:16:00Z,SEDENTARY
2025-07-05T07:21:00Z,SEDENTARY
2025-07-05T07:22:00Z,SEDENTARY
2025-07-05T07:23:00Z,LIGHTLY_ACTIVE
2025-07-05T07:24:00Z,LIGHTLY_ACTIVE
2025-07-05T07:25:00Z,SEDENTARY
2025-07-05T07:26:00Z,SEDENTARY
2025-07-05T07:27:00Z,SEDENTARY
2025-07-05T07:29:00Z,SEDENTARY
2025-07-05T07:30:00Z,SEDENTARY
2025-07-05T07:31:00Z,SEDENTARY
2025-07-05T07:34:00Z,SEDENTARY
2025-07-05T07:35:00Z,SEDENTARY
2025-07-05T07:38:00Z,SEDENTARY
2025-07-05T07:39:00Z,SEDENTARY
2025-07-05T07:40:00Z,SEDENTARY
2025-07-05T07:41:00Z,SEDENTARY
2025-07-05T07:42:00Z,SEDENTARY
2025-07-05T07:43:00Z,SEDENTARY
2025-07-05T07:44:00Z,SEDENTARY
2025-07-05T07:45:00Z,SEDENTARY
2025-07-05T07:47:00Z,SEDENTARY
2025-07-05T07:50:00Z,LIGHTLY_ACTIVE
2025-07-05T07:51:00Z,SEDENTARY
2025-07-05T07:52:00Z,SEDENTARY
2025-07-05T07:53:00Z,SEDENTARY
2025-07-05T07:54:00Z,LIGHTLY_ACTIVE
2025-07-05T07:59:00Z,SEDENTARY
2025-07-05T08:00:00Z,SEDENTARY
2025-07-05T08:02:00Z,SEDENTARY
2025-07-05T08:04:00Z,SEDENTARY
2025-07-05T08:05:00Z,SEDENTARY
2025-07-05T08:07:00Z,SEDENTARY
2025-07-05T08:08:00Z,SEDENTARY
2025-07-05T08:09:00Z,SEDENTARY
2025-07-05T08:12:00Z,SEDENTARY
2025-07-05T08:13:00Z,SEDENTARY
2025-07-05T08:16:00Z,SEDENTARY
2025-07-05T08:21:00Z,SEDENTARY
2025-07-05T09:01:00Z,SEDENTARY
2025-07-05T09:14:00Z,SEDENTARY
2025-07-05T09:16:00Z,SEDENTARY
2025-07-05T09:21:00Z,SEDENTARY
2025-07-05T09:32:00Z,SEDENTARY
2025-07-05T09:33:00Z,SEDENTARY
2025-07-05T09:35:00Z,SEDENTARY
2025-07-05T09:50:00Z,SEDENTARY
2025-07-05T09:56:00Z,SEDENTARY
2025-07-05T10:16:00Z,SEDENTARY
2025-07-05T10:35:00Z,SEDENTARY
2025-07-05T10:37:00Z,SEDENTARY
2025-07-05T11:15:00Z,SEDENTARY
2025-07-05T11:19:00Z,SEDENTARY
2025-07-05T11:36:00Z,SEDENTARY
2025-07-05T11:51:00Z,SEDENTARY
2025-07-05T12:00:00Z,SEDENTARY
2025-07-05T12:38:00Z,SEDENTARY
2025-07-05T12:44:00Z,SEDENTARY
2025-07-05T13:04:00Z,SEDENTARY
2025-07-05T13:10:00Z,SEDENTARY
2025-07-05T13:21:00Z,SEDENTARY
2025-07-05T13:31:00Z,SEDENTARY
2025-07-05T13:34:00Z,SEDENTARY
2025-07-05T13:53:00Z,SEDENTARY
2025-07-05T13:58:00Z,SEDENTARY
2025-07-05T14:20:00Z,SEDENTARY
2025-07-05T14:34:00Z,SEDENTARY
2025-07-05T14:45:00Z,SEDENTARY
2025-07-05T15:13:00Z,SEDENTARY
2025-07-05T15:54:00Z,SEDENTARY
2025-07-05T16:03:00Z,SEDENTARY
2025-07-05T16:06:00Z,SEDENTARY
2025-07-05T16:10:00Z,SEDENTARY
2025-07-05T16:11:00Z,SEDENTARY
2025-07-05T16:12:00Z,SEDENTARY
2025-07-05T16:15:00Z,LIGHTLY_ACTIVE
2025-07-05T16:16:00Z,SEDENTARY
2025-07-05T16:17:00Z,LIGHTLY_ACTIVE
2025-07-05T16:18:00Z,SEDENTARY
2025-07-05T16:19:00Z,SEDENTARY
2025-07-05T16:20:00Z,SEDENTARY
2025-07-05T16:21:00Z,LIGHTLY_ACTIVE
2025-07-05T16:22:00Z,LIGHTLY_ACTIVE
2025-07-05T16:23:00Z,LIGHTLY_ACTIVE
2025-07-05T16:24:00Z,SEDENTARY
2025-07-05T16:27:00Z,SEDENTARY
2025-07-05T16:29:00Z,SEDENTARY
2025-07-05T16:30:00Z,SEDENTARY
2025-07-05T16:31:00Z,SEDENTARY
2025-07-05T16:32:00Z,SEDENTARY
2025-07-05T16:33:00Z,SEDENTARY
2025-07-05T16:35:00Z,SEDENTARY
2025-07-05T16:38:00Z,SEDENTARY
2025-07-05T16:39:00Z,SEDENTARY
2025-07-05T16:44:00Z,LIGHTLY_ACTIVE
2025-07-05T16:45:00Z,LIGHTLY_ACTIVE
2025-07-05T16:46:00Z,SEDENTARY
2025-07-05T16:47:00Z,SEDENTARY
2025-07-05T16:48:00Z,LIGHTLY_ACTIVE
2025-07-05T16:49:00Z,LIGHTLY_ACTIVE
2025-07-05T16:50:00Z,LIGHTLY_ACTIVE
2025-07-05T16:53:00Z,SEDENTARY
2025-07-05T16:57:00Z,SEDENTARY
2025-07-05T17:03:00Z,SEDENTARY
2025-07-05T17:04:00Z,SEDENTARY
2025-07-05T17:24:00Z,SEDENTARY
2025-07-05T17:25:00Z,SEDENTARY
2025-07-05T17:27:00Z,SEDENTARY
2025-07-05T17:28:00Z,SEDENTARY
2025-07-05T17:29:00Z,SEDENTARY
2025-07-05T18:14:00Z,SEDENTARY
2025-07-05T18:16:00Z,SEDENTARY
2025-07-05T18:18:00Z,SEDENTARY
2025-07-05T18:20:00Z,SEDENTARY
2025-07-05T18:21:00Z,SEDENTARY
2025-07-05T18:22:00Z,LIGHTLY_ACTIVE
2025-07-05T18:23:00Z,LIGHTLY_ACTIVE
2025-07-05T18:24:00Z,LIGHTLY_ACTIVE
2025-07-05T18:25:00Z,LIGHTLY_ACTIVE
2025-07-05T18:26:00Z,SEDENTARY
2025-07-05T18:28:00Z,SEDENTARY
2025-07-05T18:32:00Z,SEDENTARY
2025-07-05T18:35:00Z,SEDENTARY
2025-07-05T18:38:00Z,LIGHTLY_ACTIVE
2025-07-05T18:39:00Z,SEDENTARY
2025-07-05T18:40:00Z,SEDENTARY
2025-07-05T18:42:00Z,SEDENTARY
2025-07-05T18:45:00Z,SEDENTARY
2025-07-05T18:47:00Z,SEDENTARY
2025-07-05T18:50:00Z,LIGHTLY_ACTIVE
2025-07-05T18:51:00Z,SEDENTARY
2025-07-05T18:52:00Z,LIGHTLY_ACTIVE
2025-07-05T18:53:00Z,SEDENTARY
2025-07-05T18:54:00Z,SEDENTARY
2025-07-05T18:55:00Z,SEDENTARY
2025-07-05T18:58:00Z,SEDENTARY
2025-07-05T18:59:00Z,SEDENTARY
2025-07-05T19:00:00Z,SEDENTARY
2025-07-05T19:01:00Z,SEDENTARY
2025-07-05T19:03:00Z,SEDENTARY
2025-07-05T19:04:00Z,SEDENTARY
2025-07-05T19:05:00Z,SEDENTARY
2025-07-05T19:06:00Z,SEDENTARY
2025-07-05T19:07:00Z,SEDENTARY
2025-07-05T19:08:00Z,SEDENTARY
2025-07-05T19:09:00Z,LIGHTLY_ACTIVE
2025-07-05T19:10:00Z,SEDENTARY
2025-07-05T19:36:00Z,SEDENTARY
2025-07-05T19:40:00Z,SEDENTARY
2025-07-05T19:41:00Z,SEDENTARY
2025-07-05T19:42:00Z,SEDENTARY
2025-07-05T19:44:00Z,SEDENTARY
2025-07-05T19:45:00Z,SEDENTARY
2025-07-05T19:50:00Z,SEDENTARY
2025-07-05T20:04:00Z,SEDENTARY
2025-07-05T20:05:00Z,SEDENTARY
2025-07-05T20:06:00Z,LIGHTLY_ACTIVE
2025-07-05T20:07:00Z,LIGHTLY_ACTIVE
2025-07-05T20:26:00Z,SEDENTARY
2025-07-05T20:27:00Z,SEDENTARY
2025-07-05T20:28:00Z,SEDENTARY
2025-07-05T20:29:00Z,SEDENTARY
2025-07-05T20:30:00Z,SEDENTARY
2025-07-05T20:31:00Z,SEDENTARY
2025-07-05T20:32:00Z,SEDENTARY
2025-07-05T20:33:00Z,SEDENTARY
2025-07-05T20:34:00Z,SEDENTARY
2025-07-05T20:35:00Z,SEDENTARY
2025-07-05T20:36:00Z,SEDENTARY
2025-07-05T20:37:00Z,SEDENTARY
2025-07-05T20:38:00Z,SEDENTARY
2025-07-05T20:39:00Z,SEDENTARY
2025-07-05T20:40:00Z,SEDENTARY
2025-07-05T20:41:00Z,SEDENTARY
2025-07-05T20:42:00Z,SEDENTARY
2025-07-05T20:43:00Z,SEDENTARY
2025-07-05T20:44:00Z,SEDENTARY
2025-07-05T20:46:00Z,SEDENTARY
2025-07-05T20:47:00Z,SEDENTARY
2025-07-05T20:48:00Z,SEDENTARY
2025-07-05T20:49:00Z,SEDENTARY
2025-07-05T20:50:00Z,LIGHTLY_ACTIVE
2025-07-05T20:51:00Z,LIGHTLY_ACTIVE
2025-07-05T20:52:00Z,SEDENTARY
2025-07-05T20:53:00Z,LIGHTLY_ACTIVE
2025-07-05T20:54:00Z,LIGHTLY_ACTIVE
2025-07-05T20:55:00Z,LIGHTLY_ACTIVE
2025-07-05T20:56:00Z,LIGHTLY_ACTIVE
2025-07-05T20:57:00Z,LIGHTLY_ACTIVE
2025-07-05T20:58:00Z,SEDENTARY
2025-07-05T20:59:00Z,SEDENTARY
2025-07-05T21:00:00Z,SEDENTARY
2025-07-05T21:01:00Z,SEDENTARY
2025-07-05T21:02:00Z,SEDENTARY
2025-07-05T21:03:00Z,LIGHTLY_ACTIVE
2025-07-05T21:04:00Z,MODERATELY_ACTIVE
2025-07-05T21:05:00Z,MODERATELY_ACTIVE
2025-07-05T21:06:00Z,MODERATELY_ACTIVE
2025-07-05T21:07:00Z,LIGHTLY_ACTIVE
2025-07-05T21:08:00Z,MODERATELY_ACTIVE
2025-07-05T21:09:00Z,SEDENTARY
2025-07-05T21:10:00Z,SEDENTARY
2025-07-05T21:11:00Z,SEDENTARY
2025-07-05T21:13:00Z,SEDENTARY
2025-07-05T21:14:00Z,SEDENTARY
2025-07-05T21:15:00Z,SEDENTARY
2025-07-05T21:16:00Z,SEDENTARY
2025-07-05T21:17:00Z,SEDENTARY
2025-07-05T21:18:00Z,SEDENTARY
2025-07-05T21:19:00Z,SEDENTARY
2025-07-05T21:20:00Z,SEDENTARY
2025-07-05T21:21:00Z,SEDENTARY
2025-07-05T21:22:00Z,SEDENTARY
2025-07-05T21:23:00Z,SEDENTARY
2025-07-05T21:24:00Z,SEDENTARY
2025-07-05T21:27:00Z,SEDENTARY
2025-07-05T21:29:00Z,SEDENTARY
2025-07-05T21:30:00Z,SEDENTARY
2025-07-05T21:31:00Z,SEDENTARY
2025-07-05T21:32:00Z,SEDENTARY
2025-07-05T21:33:00Z,SEDENTARY
2025-07-05T21:34:00Z,SEDENTARY
2025-07-05T21:35:00Z,LIGHTLY_ACTIVE
2025-07-05T21:36:00Z,SEDENTARY
2025-07-05T21:37:00Z,SEDENTARY
2025-07-05T21:38:00Z,SEDENTARY
2025-07-05T21:39:00Z,SEDENTARY
2025-07-05T21:40:00Z,SEDENTARY
2025-07-05T21:41:00Z,SEDENTARY
2025-07-05T21:42:00Z,SEDENTARY
2025-07-05T21:43:00Z,SEDENTARY
2025-07-05T21:44:00Z,SEDENTARY
2025-07-05T21:45:00Z,SEDENTARY
2025-07-05T21:46:00Z,SEDENTARY
2025-07-05T21:47:00Z,SEDENTARY
2025-07-05T21:48:00Z,SEDENTARY
2025-07-05T21:49:00Z,SEDENTARY
2025-07-05T21:50:00Z,SEDENTARY
2025-07-05T21:51:00Z,SEDENTARY
2025-07-05T21:53:00Z,SEDENTARY
2025-07-05T21:55:00Z,SEDENTARY
2025-07-05T21:56:00Z,SEDENTARY
2025-07-05T21:57:00Z,SEDENTARY
2025-07-05T21:58:00Z,SEDENTARY
2025-07-05T22:01:00Z,SEDENTARY
2025-07-05T22:02:00Z,SEDENTARY
2025-07-05T22:03:00Z,SEDENTARY
2025-07-05T22:05:00Z,SEDENTARY
2025-07-05T22:09:00Z,SEDENTARY
2025-07-05T22:14:00Z,SEDENTARY
2025-07-05T22:21:00Z,SEDENTARY
2025-07-05T22:23:00Z,SEDENTARY
2025-07-05T22:25:00Z,SEDENTARY
2025-07-05T22:26:00Z,SEDENTARY
2025-07-05T22:30:00Z,SEDENTARY
2025-07-05T22:31:00Z,SEDENTARY
2025-07-05T22:32:00Z,SEDENTARY
2025-07-05T22:33:00Z,SEDENTARY
2025-07-05T22:35:00Z,SEDENTARY
2025-07-05T22:36:00Z,SEDENTARY
2025-07-05T22:37:00Z,SEDENTARY
2025-07-05T22:39:00Z,SEDENTARY
2025-07-05T22:41:00Z,SEDENTARY
2025-07-05T22:43:00Z,SEDENTARY
2025-07-05T22:48:00Z,SEDENTARY
2025-07-05T22:49:00Z,LIGHTLY_ACTIVE
2025-07-05T22:50:00Z,LIGHTLY_ACTIVE
2025-07-05T22:51:00Z,LIGHTLY_ACTIVE
2025-07-05T22:52:00Z,LIGHTLY_ACTIVE
2025-07-05T22:53:00Z,SEDENTARY
2025-07-05T22:54:00Z,SEDENTARY
2025-07-05T22:55:00Z,SEDENTARY
2025-07-05T22:56:00Z,SEDENTARY
2025-07-05T22:57:00Z,SEDENTARY
2025-07-05T22:58:00Z,SEDENTARY
2025-07-05T22:59:00Z,SEDENTARY
2025-07-05T23:00:00Z,SEDENTARY
2025-07-05T23:01:00Z,SEDENTARY
2025-07-05T23:02:00Z,SEDENTARY
2025-07-05T23:03:00Z,SEDENTARY
2025-07-05T23:05:00Z,SEDENTARY
2025-07-05T23:06:00Z,SEDENTARY
2025-07-05T23:07:00Z,SEDENTARY
2025-07-05T23:08:00Z,SEDENTARY
2025-07-05T23:09:00Z,SEDENTARY
2025-07-05T23:10:00Z,SEDENTARY
2025-07-05T23:11:00Z,SEDENTARY
2025-07-05T23:12:00Z,SEDENTARY
2025-07-05T23:13:00Z,SEDENTARY
2025-07-05T23:14:00Z,SEDENTARY
2025-07-05T23:15:00Z,SEDENTARY
2025-07-05T23:16:00Z,SEDENTARY
2025-07-05T23:17:00Z,SEDENTARY
2025-07-05T23:18:00Z,SEDENTARY
2025-07-05T23:19:00Z,SEDENTARY
2025-07-05T23:20:00Z,SEDENTARY
2025-07-05T23:21:00Z,SEDENTARY
2025-07-05T23:22:00Z,SEDENTARY
2025-07-05T23:23:00Z,SEDENTARY
2025-07-05T23:24:00Z,SEDENTARY
2025-07-05T23:25:00Z,SEDENTARY
2025-07-05T23:26:00Z,SEDENTARY
2025-07-05T23:27:00Z,SEDENTARY
2025-07-05T23:29:00Z,SEDENTARY
2025-07-05T23:30:00Z,SEDENTARY
2025-07-05T23:31:00Z,SEDENTARY
2025-07-05T23:33:00Z,SEDENTARY
2025-07-05T23:35:00Z,SEDENTARY
2025-07-05T23:36:00Z,SEDENTARY
2025-07-05T23:37:00Z,SEDENTARY
2025-07-05T23:38:00Z,SEDENTARY
2025-07-05T23:39:00Z,SEDENTARY
2025-07-05T23:40:00Z,SEDENTARY
2025-07-05T23:41:00Z,SEDENTARY
2025-07-05T23:42:00Z,SEDENTARY
2025-07-05T23:43:00Z,SEDENTARY
2025-07-05T23:44:00Z,SEDENTARY
2025-07-05T23:45:00Z,SEDENTARY
2025-07-05T23:46:00Z,SEDENTARY
2025-07-05T23:47:00Z,SEDENTARY
2025-07-05T23:48:00Z,SEDENTARY
2025-07-05T23:49:00Z,SEDENTARY
2025-07-05T23:50:00Z,SEDENTARY
2025-07-05T23:51:00Z,SEDENTARY
2025-07-05T23:52:00Z,SEDENTARY
2025-07-05T23:53:00Z,SEDENTARY
2025-07-05T23:54:00Z,SEDENTARY
2025-07-05T23:55:00Z,SEDENTARY
2025-07-05T23:56:00Z,SEDENTARY
2025-07-05T23:57:00Z,SEDENTARY
2025-07-05T23:58:00Z,SEDENTARY
2025-07-05T23:59:00Z,SEDENTARY
2025-07-06T00:00:00Z,SEDENTARY
2025-07-06T00:01:00Z,SEDENTARY
2025-07-06T00:02:00Z,SEDENTARY
2025-07-06T00:03:00Z,SEDENTARY
2025-07-06T00:04:00Z,SEDENTARY
2025-07-06T00:05:00Z,SEDENTARY
2025-07-06T00:06:00Z,SEDENTARY
2025-07-06T00:07:00Z,LIGHTLY_ACTIVE
2025-07-06T00:08:00Z,SEDENTARY
2025-07-06T00:09:00Z,SEDENTARY
2025-07-06T00:10:00Z,SEDENTARY
2025-07-06T00:11:00Z,SEDENTARY
2025-07-06T00:12:00Z,SEDENTARY
2025-07-06T00:13:00Z,SEDENTARY
2025-07-06T00:14:00Z,SEDENTARY
2025-07-06T00:15:00Z,SEDENTARY
2025-07-06T00:16:00Z,SEDENTARY
2025-07-06T00:17:00Z,SEDENTARY
2025-07-06T00:18:00Z,SEDENTARY
2025-07-06T00:19:00Z,SEDENTARY
2025-07-06T00:20:00Z,SEDENTARY
2025-07-06T00:21:00Z,SEDENTARY
2025-07-06T00:23:00Z,SEDENTARY
2025-07-06T00:24:00Z,SEDENTARY
2025-07-06T00:25:00Z,SEDENTARY
2025-07-06T00:26:00Z,SEDENTARY
2025-07-06T00:28:00Z,SEDENTARY
2025-07-06T00:29:00Z,SEDENTARY
2025-07-06T00:30:00Z,SEDENTARY
2025-07-06T00:31:00Z,SEDENTARY
2025-07-06T00:33:00Z,SEDENTARY
2025-07-06T00:34:00Z,SEDENTARY
2025-07-06T00:35:00Z,SEDENTARY
2025-07-06T00:36:00Z,SEDENTARY
2025-07-06T00:37:00Z,SEDENTARY
2025-07-06T00:39:00Z,SEDENTARY
2025-07-06T00:40:00Z,SEDENTARY
2025-07-06T00:41:00Z,LIGHTLY_ACTIVE
2025-07-06T00:42:00Z,LIGHTLY_ACTIVE
2025-07-06T00:43:00Z,LIGHTLY_ACTIVE
2025-07-06T00:44:00Z,SEDENTARY
2025-07-06T00:45:00Z,LIGHTLY_ACTIVE
2025-07-06T00:46:00Z,SEDENTARY
2025-07-06T00:47:00Z,SEDENTARY
2025-07-06T00:49:00Z,SEDENTARY
2025-07-06T00:50:00Z,SEDENTARY
2025-07-06T00:51:00Z,SEDENTARY
2025-07-06T00:52:00Z,SEDENTARY
2025-07-06T00:53:00Z,SEDENTARY
2025-07-06T00:54:00Z,SEDENTARY
2025-07-06T00:55:00Z,SEDENTARY
2025-07-06T00:57:00Z,SEDENTARY
2025-07-06T00:58:00Z,SEDENTARY
2025-07-06T01:00:00Z,SEDENTARY
2025-07-06T01:01:00Z,SEDENTARY
2025-07-06T01:02:00Z,SEDENTARY
2025-07-06T01:03:00Z,SEDENTARY
2025-07-06T01:04:00Z,SEDENTARY
2025-07-06T01:05:00Z,SEDENTARY
2025-07-06T01:06:00Z,SEDENTARY
2025-07-06T01:07:00Z,SEDENTARY
2025-07-06T01:09:00Z,SEDENTARY
2025-07-06T01:11:00Z,SEDENTARY
2025-07-06T01:13:00Z,LIGHTLY_ACTIVE
2025-07-06T01:14:00Z,LIGHTLY_ACTIVE
2025-07-06T01:15:00Z,LIGHTLY_ACTIVE
2025-07-06T01:16:00Z,MODERATELY_ACTIVE
2025-07-06T01:17:00Z,LIGHTLY_ACTIVE
2025-07-06T01:18:00Z,LIGHTLY_ACTIVE
2025-07-06T01:19:00Z,LIGHTLY_ACTIVE
2025-07-06T01:20:00Z,SEDENTARY
2025-07-06T01:21:00Z,SEDENTARY
2025-07-06T01:22:00Z,SEDENTARY
2025-07-06T01:23:00Z,SEDENTARY
2025-07-06T01:24:00Z,SEDENTARY
2025-07-06T01:25:00Z,SEDENTARY
2025-07-06T01:26:00Z,SEDENTARY
2025-07-06T01:27:00Z,SEDENTARY
2025-07-06T01:28:00Z,LIGHTLY_ACTIVE
2025-07-06T01:29:00Z,LIGHTLY_ACTIVE
2025-07-06T01:30:00Z,SEDENTARY
2025-07-06T01:31:00Z,SEDENTARY
2025-07-06T01:32:00Z,SEDENTARY
2025-07-06T01:33:00Z,SEDENTARY
2025-07-06T01:34:00Z,SEDENTARY
2025-07-06T01:35:00Z,SEDENTARY
2025-07-06T01:36:00Z,SEDENTARY
2025-07-06T01:37:00Z,SEDENTARY
2025-07-06T01:38:00Z,LIGHTLY_ACTIVE
2025-07-06T01:39:00Z,LIGHTLY_ACTIVE
2025-07-06T01:40:00Z,LIGHTLY_ACTIVE
2025-07-06T01:41:00Z,MODERATELY_ACTIVE
2025-07-06T01:42:00Z,SEDENTARY
2025-07-06T01:43:00Z,SEDENTARY
2025-07-06T01:44:00Z,LIGHTLY_ACTIVE
2025-07-06T01:45:00Z,LIGHTLY_ACTIVE
2025-07-06T01:46:00Z,SEDENTARY
2025-07-06T01:47:00Z,SEDENTARY
2025-07-06T01:48:00Z,SEDENTARY
2025-07-06T01:49:00Z,SEDENTARY
2025-07-06T01:50:00Z,SEDENTARY
2025-07-06T01:51:00Z,SEDENTARY
2025-07-06T01:52:00Z,SEDENTARY
2025-07-06T01:53:00Z,SEDENTARY
2025-07-06T01:54:00Z,SEDENTARY
2025-07-06T01:55:00Z,SEDENTARY
2025-07-06T01:56:00Z,SEDENTARY
2025-07-06T01:57:00Z,LIGHTLY_ACTIVE
2025-07-06T01:58:00Z,SEDENTARY
2025-07-06T01:59:00Z,SEDENTARY
2025-07-06T02:00:00Z,SEDENTARY
2025-07-06T02:01:00Z,SEDENTARY
2025-07-06T02:02:00Z,LIGHTLY_ACTIVE
2025-07-06T02:03:00Z,SEDENTARY
2025-07-06T02:04:00Z,MODERATELY_ACTIVE
2025-07-06T02:05:00Z,LIGHTLY_ACTIVE
2025-07-06T02:06:00Z,SEDENTARY
2025-07-06T02:07:00Z,LIGHTLY_ACTIVE
2025-07-06T02:08:00Z,LIGHTLY_ACTIVE
2025-07-06T02:09:00Z,LIGHTLY_ACTIVE
2025-07-06T02:10:00Z,LIGHTLY_ACTIVE
2025-07-06T02:11:00Z,MODERATELY_ACTIVE
2025-07-06T02:12:00Z,LIGHTLY_ACTIVE
2025-07-06T02:13:00Z,SEDENTARY
2025-07-06T02:14:00Z,LIGHTLY_ACTIVE
2025-07-06T02:15:00Z,SEDENTARY
2025-07-06T02:16:00Z,LIGHTLY_ACTIVE
2025-07-06T02:17:00Z,SEDENTARY
2025-07-06T02:18:00Z,LIGHTLY_ACTIVE
2025-07-06T02:19:00Z,LIGHTLY_ACTIVE
2025-07-06T02:20:00Z,SEDENTARY
2025-07-06T02:21:00Z,SEDENTARY
2025-07-06T02:22:00Z,LIGHTLY_ACTIVE
2025-07-06T02:23:00Z,LIGHTLY_ACTIVE
2025-07-06T02:24:00Z,MODERATELY_ACTIVE
2025-07-06T02:25:00Z,MODERATELY_ACTIVE
2025-07-06T02:26:00Z,LIGHTLY_ACTIVE
2025-07-06T02:27:00Z,SEDENTARY
2025-07-06T02:28:00Z,LIGHTLY_ACTIVE
2025-07-06T02:29:00Z,LIGHTLY_ACTIVE
2025-07-06T02:30:00Z,LIGHTLY_ACTIVE
2025-07-06T02:31:00Z,LIGHTLY_ACTIVE
2025-07-06T02:32:00Z,SEDENTARY
2025-07-06T02:33:00Z,LIGHTLY_ACTIVE
2025-07-06T02:34:00Z,SEDENTARY
2025-07-06T02:35:00Z,SEDENTARY
2025-07-06T02:36:00Z,SEDENTARY
2025-07-06T02:37:00Z,SEDENTARY
2025-07-06T02:38:00Z,SEDENTARY
2025-07-06T02:39:00Z,SEDENTARY
2025-07-06T02:40:00Z,SEDENTARY
2025-07-06T02:41:00Z,SEDENTARY
2025-07-06T02:42:00Z,LIGHTLY_ACTIVE
2025-07-06T02:43:00Z,SEDENTARY
2025-07-06T02:44:00Z,SEDENTARY
2025-07-06T02:45:00Z,SEDENTARY
2025-07-06T02:46:00Z,SEDENTARY
2025-07-06T02:47:00Z,SEDENTARY
2025-07-06T02:48:00Z,SEDENTARY
2025-07-06T02:49:00Z,SEDENTARY
2025-07-06T02:50:00Z,SEDENTARY
2025-07-06T02:56:00Z,SEDENTARY
2025-07-06T02:58:00Z,SEDENTARY
2025-07-06T03:06:00Z,SEDENTARY
2025-07-06T03:10:00Z,SEDENTARY
2025-07-06T03:11:00Z,SEDENTARY
2025-07-06T03:12:00Z,SEDENTARY
2025-07-06T03:14:00Z,SEDENTARY
2025-07-06T03:16:00Z,SEDENTARY
2025-07-06T03:19:00Z,SEDENTARY
2025-07-06T03:21:00Z,SEDENTARY
2025-07-06T03:22:00Z,SEDENTARY
2025-07-06T03:23:00Z,SEDENTARY
2025-07-06T03:24:00Z,SEDENTARY
2025-07-06T03:32:00Z,SEDENTARY
2025-07-06T03:33:00Z,SEDENTARY
2025-07-06T03:39:00Z,SEDENTARY
2025-07-06T03:40:00Z,SEDENTARY
2025-07-06T03:41:00Z,SEDENTARY
2025-07-06T03:46:00Z,SEDENTARY
2025-07-06T03:56:00Z,SEDENTARY
2025-07-06T03:58:00Z,SEDENTARY
2025-07-06T03:59:00Z,SEDENTARY
2025-07-06T04:02:00Z,SEDENTARY
2025-07-06T04:17:00Z,SEDENTARY
2025-07-06T04:23:00Z,SEDENTARY
2025-07-06T04:26:00Z,SEDENTARY
2025-07-06T04:28:00Z,SEDENTARY
2025-07-06T04:31:00Z,SEDENTARY
2025-07-06T04:35:00Z,SEDENTARY
2025-07-06T04:38:00Z,SEDENTARY
2025-07-06T04:45:00Z,SEDENTARY
2025-07-06T04:48:00Z,SEDENTARY
2025-07-06T04:49:00Z,SEDENTARY
2025-07-06T04:50:00Z,SEDENTARY
2025-07-06T04:51:00Z,SEDENTARY
2025-07-06T04:53:00Z,LIGHTLY_ACTIVE
2025-07-06T04:54:00Z,SEDENTARY
2025-07-06T04:55:00Z,SEDENTARY
2025-07-06T04:56:00Z,LIGHTLY_ACTIVE
2025-07-06T04:57:00Z,LIGHTLY_ACTIVE
2025-07-06T04:58:00Z,LIGHTLY_ACTIVE
2025-07-06T04:59:00Z,LIGHTLY_ACTIVE
2025-07-06T05:00:00Z,SEDENTARY
2025-07-06T05:01:00Z,SEDENTARY
2025-07-06T05:02:00Z,SEDENTARY
2025-07-06T05:05:00Z,SEDENTARY
2025-07-06T05:06:00Z,LIGHTLY_ACTIVE
2025-07-06T05:07:00Z,SEDENTARY
2025-07-06T05:08:00Z,LIGHTLY_ACTIVE
2025-07-06T05:09:00Z,SEDENTARY
2025-07-06T05:10:00Z,SEDENTARY
2025-07-06T05:11:00Z,SEDENTARY
2025-07-06T05:12:00Z,LIGHTLY_ACTIVE
2025-07-06T05:13:00Z,LIGHTLY_ACTIVE
2025-07-06T05:14:00Z,SEDENTARY
2025-07-06T05:15:00Z,SEDENTARY
2025-07-06T05:16:00Z,LIGHTLY_ACTIVE
2025-07-06T05:17:00Z,LIGHTLY_ACTIVE
2025-07-06T05:18:00Z,LIGHTLY_ACTIVE
2025-07-06T05:19:00Z,SEDENTARY
2025-07-06T05:20:00Z,SEDENTARY
2025-07-06T05:21:00Z,SEDENTARY
2025-07-06T05:22:00Z,SEDENTARY
2025-07-06T05:23:00Z,SEDENTARY
2025-07-06T05:24:00Z,SEDENTARY
2025-07-06T05:25:00Z,SEDENTARY
2025-07-06T05:26:00Z,SEDENTARY
2025-07-06T05:27:00Z,SEDENTARY
2025-07-06T05:28:00Z,SEDENTARY
2025-07-06T05:29:00Z,SEDENTARY
2025-07-06T05:30:00Z,LIGHTLY_ACTIVE
2025-07-06T05:31:00Z,SEDENTARY
2025-07-06T05:32:00Z,LIGHTLY_ACTIVE
2025-07-06T05:33:00Z,SEDENTARY
2025-07-06T05:34:00Z,LIGHTLY_ACTIVE
2025-07-06T05:35:00Z,SEDENTARY
2025-07-06T05:36:00Z,LIGHTLY_ACTIVE
2025-07-06T05:37:00Z,SEDENTARY
2025-07-06T05:44:00Z,SEDENTARY
2025-07-06T05:52:00Z,SEDENTARY
2025-07-06T05:57:00Z,SEDENTARY
2025-07-06T06:03:00Z,SEDENTARY
2025-07-06T06:06:00Z,SEDENTARY
2025-07-06T06:07:00Z,SEDENTARY
2025-07-06T06:10:00Z,SEDENTARY
2025-07-06T06:19:00Z,LIGHTLY_ACTIVE
2025-07-06T06:21:00Z,SEDENTARY
2025-07-06T06:22:00Z,SEDENTARY
2025-07-06T06:23:00Z,SEDENTARY
2025-07-06T06:40:00Z,SEDENTARY
2025-07-06T06:41:00Z,SEDENTARY
2025-07-06T06:42:00Z,SEDENTARY
2025-07-06T06:43:00Z,SEDENTARY
2025-07-06T06:53:00Z,SEDENTARY
2025-07-06T07:03:00Z,SEDENTARY
2025-07-06T07:12:00Z,SEDENTARY
2025-07-06T07:13:00Z,SEDENTARY
2025-07-06T07:14:00Z,SEDENTARY
2025-07-06T07:26:00Z,SEDENTARY
2025-07-06T07:27:00Z,SEDENTARY
2025-07-06T07:28:00Z,SEDENTARY
2025-07-06T07:35:00Z,SEDENTARY
2025-07-06T07:36:00Z,SEDENTARY
2025-07-06T07:41:00Z,LIGHTLY_ACTIVE
2025-07-06T07:42:00Z,LIGHTLY_ACTIVE
2025-07-06T07:43:00Z,LIGHTLY_ACTIVE
2025-07-06T07:44:00Z,SEDENTARY
2025-07-06T07:45:00Z,LIGHTLY_ACTIVE
2025-07-06T07:46:00Z,LIGHTLY_ACTIVE
2025-07-06T07:59:00Z,SEDENTARY
2025-07-06T08:03:00Z,SEDENTARY
2025-07-06T09:35:00Z,LIGHTLY_ACTIVE
2025-07-06T09:41:00Z,SEDENTARY
2025-07-06T09:51:00Z,SEDENTARY
2025-07-06T10:51:00Z,SEDENTARY
2025-07-06T11:19:00Z,SEDENTARY
2025-07-06T11:41:00Z,SEDENTARY
2025-07-06T11:43:00Z,SEDENTARY
2025-07-06T11:51:00Z,SEDENTARY
2025-07-06T11:53:00Z,SEDENTARY
2025-07-06T11:58:00Z,SEDENTARY
2025-07-06T12:13:00Z,SEDENTARY
2025-07-06T12:22:00Z,SEDENTARY
2025-07-06T12:26:00Z,SEDENTARY
2025-07-06T12:43:00Z,SEDENTARY
2025-07-06T12:53:00Z,SEDENTARY
2025-07-06T13:04:00Z,SEDENTARY
2025-07-06T13:09:00Z,SEDENTARY
2025-07-06T13:28:00Z,SEDENTARY
2025-07-06T14:22:00Z,SEDENTARY
2025-07-06T14:24:00Z,SEDENTARY
2025-07-06T14:37:00Z,SEDENTARY
2025-07-06T14:38:00Z,SEDENTARY
2025-07-06T15:14:00Z,SEDENTARY
2025-07-06T15:16:00Z,SEDENTARY
2025-07-06T15:21:00Z,SEDENTARY
2025-07-06T15:41:00Z,SEDENTARY
2025-07-06T15:53:00Z,SEDENTARY
2025-07-06T15:54:00Z,SEDENTARY
2025-07-06T16:09:00Z,SEDENTARY
2025-07-06T16:11:00Z,SEDENTARY
2025-07-06T16:33:00Z,SEDENTARY
2025-07-06T16:34:00Z,SEDENTARY
2025-07-06T16:35:00Z,SEDENTARY
2025-07-06T16:36:00Z,SEDENTARY
2025-07-06T16:37:00Z,LIGHTLY_ACTIVE
2025-07-06T16:38:00Z,LIGHTLY_ACTIVE
2025-07-06T16:39:00Z,LIGHTLY_ACTIVE
2025-07-06T16:40:00Z,SEDENTARY
2025-07-06T16:41:00Z,SEDENTARY
2025-07-06T16:42:00Z,LIGHTLY_ACTIVE
2025-07-06T16:43:00Z,SEDENTARY
2025-07-06T16:44:00Z,SEDENTARY
2025-07-06T16:46:00Z,SEDENTARY
2025-07-06T16:48:00Z,SEDENTARY
2025-07-06T16:49:00Z,SEDENTARY
2025-07-06T16:50:00Z,SEDENTARY
2025-07-06T16:52:00Z,SEDENTARY
2025-07-06T16:53:00Z,SEDENTARY
2025-07-06T16:55:00Z,SEDENTARY
2025-07-06T17:03:00Z,SEDENTARY
2025-07-06T17:04:00Z,SEDENTARY
2025-07-06T17:05:00Z,SEDENTARY
2025-07-06T17:06:00Z,SEDENTARY
2025-07-06T17:11:00Z,SEDENTARY
2025-07-06T17:12:00Z,SEDENTARY
2025-07-06T17:13:00Z,SEDENTARY
2025-07-06T17:14:00Z,SEDENTARY
2025-07-06T17:15:00Z,SEDENTARY
2025-07-06T17:17:00Z,SEDENTARY
2025-07-06T17:18:00Z,SEDENTARY
2025-07-06T17:24:00Z,SEDENTARY
2025-07-06T17:26:00Z,SEDENTARY
2025-07-06T17:28:00Z,SEDENTARY
2025-07-06T17:29:00Z,LIGHTLY_ACTIVE
2025-07-06T17:30:00Z,SEDENTARY
2025-07-06T17:31:00Z,SEDENTARY
2025-07-06T17:32:00Z,SEDENTARY
2025-07-06T17:33:00Z,LIGHTLY_ACTIVE
2025-07-06T17:34:00Z,LIGHTLY_ACTIVE
2025-07-06T17:35:00Z,MODERATELY_ACTIVE
2025-07-06T17:36:00Z,SEDENTARY
2025-07-06T17:37:00Z,SEDENTARY
2025-07-06T17:38:00Z,SEDENTARY
2025-07-06T17:42:00Z,SEDENTARY
2025-07-06T17:43:00Z,SEDENTARY
2025-07-06T17:58:00Z,SEDENTARY
2025-07-06T18:11:00Z,SEDENTARY
2025-07-06T18:12:00Z,SEDENTARY
2025-07-06T18:13:00Z,SEDENTARY
2025-07-06T18:14:00Z,SEDENTARY
2025-07-06T18:15:00Z,SEDENTARY
2025-07-06T18:18:00Z,SEDENTARY
2025-07-06T18:19:00Z,SEDENTARY
2025-07-06T18:20:00Z,SEDENTARY
2025-07-06T18:21:00Z,SEDENTARY
2025-07-06T18:22:00Z,LIGHTLY_ACTIVE
2025-07-06T18:23:00Z,LIGHTLY_ACTIVE
2025-07-06T18:24:00Z,LIGHTLY_ACTIVE
2025-07-06T18:25:00Z,LIGHTLY_ACTIVE
2025-07-06T18:26:00Z,LIGHTLY_ACTIVE
2025-07-06T18:27:00Z,LIGHTLY_ACTIVE
2025-07-06T18:28:00Z,LIGHTLY_ACTIVE
2025-07-06T18:29:00Z,SEDENTARY
2025-07-06T18:32:00Z,SEDENTARY
2025-07-06T19:11:00Z,SEDENTARY
2025-07-06T19:15:00Z,LIGHTLY_ACTIVE
2025-07-06T19:16:00Z,SEDENTARY
2025-07-06T19:17:00Z,SEDENTARY
2025-07-06T19:18:00Z,SEDENTARY
2025-07-06T19:31:00Z,LIGHTLY_ACTIVE
2025-07-06T19:32:00Z,LIGHTLY_ACTIVE
2025-07-06T19:34:00Z,LIGHTLY_ACTIVE
2025-07-06T19:35:00Z,SEDENTARY
2025-07-06T19:36:00Z,LIGHTLY_ACTIVE
2025-07-06T19:38:00Z,LIGHTLY_ACTIVE
2025-07-06T21:25:00Z,SEDENTARY
2025-07-06T21:26:00Z,SEDENTARY
2025-07-06T21:27:00Z,SEDENTARY
2025-07-06T21:28:00Z,SEDENTARY
2025-07-06T21:29:00Z,SEDENTARY
2025-07-06T21:31:00Z,SEDENTARY
2025-07-06T21:32:00Z,SEDENTARY
2025-07-06T21:35:00Z,SEDENTARY
2025-07-06T21:41:00Z,SEDENTARY
2025-07-06T21:42:00Z,SEDENTARY
2025-07-06T21:44:00Z,SEDENTARY
2025-07-06T21:48:00Z,SEDENTARY
2025-07-06T21:50:00Z,SEDENTARY
2025-07-06T21:52:00Z,LIGHTLY_ACTIVE
2025-07-06T21:53:00Z,SEDENTARY
2025-07-06T21:54:00Z,SEDENTARY
2025-07-06T21:55:00Z,SEDENTARY
2025-07-06T21:56:00Z,SEDENTARY
2025-07-06T21:57:00Z,SEDENTARY
2025-07-06T21:58:00Z,SEDENTARY
2025-07-06T21:59:00Z,SEDENTARY
2025-07-06T22:00:00Z,SEDENTARY
2025-07-06T22:01:00Z,SEDENTARY
2025-07-06T22:02:00Z,LIGHTLY_ACTIVE
2025-07-06T22:03:00Z,LIGHTLY_ACTIVE
2025-07-06T22:04:00Z,SEDENTARY
2025-07-06T22:05:00Z,LIGHTLY_ACTIVE
2025-07-06T22:06:00Z,LIGHTLY_ACTIVE
2025-07-06T22:07:00Z,LIGHTLY_ACTIVE
2025-07-06T22:08:00Z,LIGHTLY_ACTIVE
2025-07-06T22:09:00Z,LIGHTLY_ACTIVE
2025-07-06T22:10:00Z,SEDENTARY
2025-07-06T22:11:00Z,SEDENTARY
2025-07-06T22:12:00Z,LIGHTLY_ACTIVE
2025-07-06T22:13:00Z,LIGHTLY_ACTIVE
2025-07-06T22:14:00Z,MODERATELY_ACTIVE
2025-07-06T22:15:00Z,LIGHTLY_ACTIVE
2025-07-06T22:16:00Z,LIGHTLY_ACTIVE
2025-07-06T22:17:00Z,LIGHTLY_ACTIVE
2025-07-06T22:18:00Z,LIGHTLY_ACTIVE
2025-07-06T22:19:00Z,MODERATELY_ACTIVE
2025-07-06T22:20:00Z,LIGHTLY_ACTIVE
2025-07-06T22:21:00Z,LIGHTLY_ACTIVE
2025-07-06T22:22:00Z,SEDENTARY
2025-07-06T22:23:00Z,LIGHTLY_ACTIVE
2025-07-06T22:24:00Z,SEDENTARY
2025-07-06T22:25:00Z,SEDENTARY
2025-07-06T22:26:00Z,SEDENTARY
2025-07-06T22:27:00Z,SEDENTARY
2025-07-06T22:28:00Z,SEDENTARY
2025-07-06T22:29:00Z,SEDENTARY
2025-07-06T22:32:00Z,SEDENTARY
2025-07-06T22:34:00Z,SEDENTARY
2025-07-06T22:37:00Z,SEDENTARY
2025-07-06T22:38:00Z,SEDENTARY
2025-07-06T23:22:00Z,SEDENTARY
2025-07-06T23:24:00Z,SEDENTARY
2025-07-06T23:30:00Z,SEDENTARY
2025-07-06T23:31:00Z,SEDENTARY
2025-07-07T00:06:00Z,SEDENTARY
2025-07-07T00:23:00Z,SEDENTARY
2025-07-07T00:29:00Z,SEDENTARY
2025-07-07T00:32:00Z,LIGHTLY_ACTIVE
2025-07-07T00:33:00Z,MODERATELY_ACTIVE
2025-07-07T00:34:00Z,SEDENTARY
2025-07-07T00:35:00Z,SEDENTARY
2025-07-07T00:36:00Z,SEDENTARY
2025-07-07T00:37:00Z,LIGHTLY_ACTIVE
2025-07-07T00:38:00Z,LIGHTLY_ACTIVE
2025-07-07T00:39:00Z,MODERATELY_ACTIVE
2025-07-07T00:40:00Z,SEDENTARY
2025-07-07T00:41:00Z,SEDENTARY
2025-07-07T00:42:00Z,SEDENTARY
2025-07-07T00:44:00Z,LIGHTLY_ACTIVE
2025-07-07T00:45:00Z,SEDENTARY
2025-07-07T00:46:00Z,SEDENTARY
2025-07-07T00:47:00Z,SEDENTARY
2025-07-07T00:48:00Z,SEDENTARY
2025-07-07T00:49:00Z,SEDENTARY
2025-07-07T00:50:00Z,SEDENTARY
2025-07-07T00:51:00Z,SEDENTARY
2025-07-07T00:52:00Z,SEDENTARY
2025-07-07T00:56:00Z,SEDENTARY
2025-07-07T00:57:00Z,SEDENTARY
2025-07-07T00:59:00Z,SEDENTARY
2025-07-07T01:01:00Z,SEDENTARY
2025-07-07T01:06:00Z,SEDENTARY
2025-07-07T01:08:00Z,SEDENTARY
2025-07-07T01:09:00Z,SEDENTARY
2025-07-07T01:10:00Z,SEDENTARY
2025-07-07T01:11:00Z,SEDENTARY
2025-07-07T01:14:00Z,SEDENTARY
2025-07-07T01:15:00Z,SEDENTARY
2025-07-07T01:18:00Z,SEDENTARY
2025-07-07T01:19:00Z,SEDENTARY
2025-07-07T01:20:00Z,LIGHTLY_ACTIVE
2025-07-07T01:35:00Z,SEDENTARY
2025-07-07T01:53:00Z,SEDENTARY
2025-07-07T01:54:00Z,LIGHTLY_ACTIVE
2025-07-07T01:55:00Z,MODERATELY_ACTIVE
2025-07-07T01:56:00Z,SEDENTARY
2025-07-07T01:57:00Z,SEDENTARY
2025-07-07T01:58:00Z,SEDENTARY
2025-07-07T01:59:00Z,SEDENTARY
2025-07-07T02:00:00Z,LIGHTLY_ACTIVE
2025-07-07T02:01:00Z,MODERATELY_ACTIVE
2025-07-07T02:02:00Z,LIGHTLY_ACTIVE
2025-07-07T02:03:00Z,LIGHTLY_ACTIVE
2025-07-07T02:04:00Z,LIGHTLY_ACTIVE
2025-07-07T02:05:00Z,LIGHTLY_ACTIVE
2025-07-07T02:06:00Z,LIGHTLY_ACTIVE
2025-07-07T02:07:00Z,LIGHTLY_ACTIVE
2025-07-07T02:08:00Z,LIGHTLY_ACTIVE
2025-07-07T02:09:00Z,MODERATELY_ACTIVE
2025-07-07T02:10:00Z,MODERATELY_ACTIVE
2025-07-07T02:11:00Z,LIGHTLY_ACTIVE
2025-07-07T02:12:00Z,LIGHTLY_ACTIVE
2025-07-07T02:13:00Z,MODERATELY_ACTIVE
2025-07-07T02:14:00Z,LIGHTLY_ACTIVE
2025-07-07T02:15:00Z,LIGHTLY_ACTIVE
2025-07-07T02:16:00Z,VERY_ACTIVE
2025-07-07T02:17:00Z,VERY_ACTIVE
2025-07-07T02:18:00Z,MODERATELY_ACTIVE
2025-07-07T02:19:00Z,VERY_ACTIVE
2025-07-07T02:20:00Z,VERY_ACTIVE
2025-07-07T02:21:00Z,VERY_ACTIVE
2025-07-07T02:22:00Z,VERY_ACTIVE
2025-07-07T02:23:00Z,VERY_ACTIVE
2025-07-07T02:24:00Z,VERY_ACTIVE
2025-07-07T02:25:00Z,VERY_ACTIVE
2025-07-07T02:26:00Z,VERY_ACTIVE
2025-07-07T02:27:00Z,VERY_ACTIVE
2025-07-07T02:28:00Z,VERY_ACTIVE
2025-07-07T02:29:00Z,VERY_ACTIVE
2025-07-07T02:30:00Z,VERY_ACTIVE
2025-07-07T02:31:00Z,VERY_ACTIVE
2025-07-07T02:32:00Z,VERY_ACTIVE
2025-07-07T02:33:00Z,VERY_ACTIVE
2025-07-07T02:34:00Z,VERY_ACTIVE
2025-07-07T02:35:00Z,VERY_ACTIVE
2025-07-07T02:36:00Z,VERY_ACTIVE
2025-07-07T02:37:00Z,VERY_ACTIVE
2025-07-07T02:38:00Z,VERY_ACTIVE
2025-07-07T02:39:00Z,VERY_ACTIVE
2025-07-07T02:40:00Z,VERY_ACTIVE
2025-07-07T02:41:00Z,VERY_ACTIVE
2025-07-07T02:42:00Z,VERY_ACTIVE
2025-07-07T02:43:00Z,VERY_ACTIVE
2025-07-07T02:44:00Z,VERY_ACTIVE
2025-07-07T02:45:00Z,VERY_ACTIVE
2025-07-07T02:46:00Z,VERY_ACTIVE
2025-07-07T02:47:00Z,VERY_ACTIVE
2025-07-07T02:48:00Z,VERY_ACTIVE
2025-07-07T02:49:00Z,MODERATELY_ACTIVE
2025-07-07T02:50:00Z,VERY_ACTIVE
2025-07-07T02:51:00Z,VERY_ACTIVE
2025-07-07T02:52:00Z,VERY_ACTIVE
2025-07-07T02:53:00Z,VERY_ACTIVE
2025-07-07T02:54:00Z,VERY_ACTIVE
2025-07-07T02:55:00Z,VERY_ACTIVE
2025-07-07T02:56:00Z,VERY_ACTIVE
2025-07-07T02:57:00Z,MODERATELY_ACTIVE
2025-07-07T02:58:00Z,VERY_ACTIVE
2025-07-07T02:59:00Z,MODERATELY_ACTIVE
2025-07-07T03:00:00Z,VERY_ACTIVE
2025-07-07T03:01:00Z,MODERATELY_ACTIVE
2025-07-07T03:02:00Z,LIGHTLY_ACTIVE
2025-07-07T03:03:00Z,LIGHTLY_ACTIVE
2025-07-07T03:04:00Z,MODERATELY_ACTIVE
2025-07-07T03:05:00Z,LIGHTLY_ACTIVE
2025-07-07T03:06:00Z,MODERATELY_ACTIVE
2025-07-07T03:07:00Z,VERY_ACTIVE
2025-07-07T03:08:00Z,MODERATELY_ACTIVE
2025-07-07T03:09:00Z,MODERATELY_ACTIVE
2025-07-07T03:10:00Z,LIGHTLY_ACTIVE
2025-07-07T03:11:00Z,SEDENTARY
2025-07-07T03:12:00Z,SEDENTARY
2025-07-07T03:13:00Z,SEDENTARY
2025-07-07T03:14:00Z,SEDENTARY
2025-07-07T03:15:00Z,SEDENTARY
2025-07-07T03:16:00Z,SEDENTARY
2025-07-07T03:17:00Z,SEDENTARY
2025-07-07T03:18:00Z,LIGHTLY_ACTIVE
2025-07-07T03:19:00Z,LIGHTLY_ACTIVE
2025-07-07T03:20:00Z,SEDENTARY
2025-07-07T03:21:00Z,SEDENTARY
2025-07-07T03:22:00Z,SEDENTARY
2025-07-07T03:23:00Z,LIGHTLY_ACTIVE
2025-07-07T03:24:00Z,SEDENTARY
2025-07-07T03:25:00Z,SEDENTARY
2025-07-07T03:26:00Z,SEDENTARY
2025-07-07T03:27:00Z,SEDENTARY
2025-07-07T03:28:00Z,LIGHTLY_ACTIVE
2025-07-07T03:29:00Z,SEDENTARY
2025-07-07T03:30:00Z,LIGHTLY_ACTIVE
2025-07-07T03:31:00Z,LIGHTLY_ACTIVE
2025-07-07T03:32:00Z,LIGHTLY_ACTIVE
2025-07-07T03:33:00Z,LIGHTLY_ACTIVE
2025-07-07T03:34:00Z,LIGHTLY_ACTIVE
2025-07-07T03:35:00Z,SEDENTARY
2025-07-07T03:36:00Z,SEDENTARY
2025-07-07T03:37:00Z,LIGHTLY_ACTIVE
2025-07-07T03:38:00Z,SEDENTARY
2025-07-07T03:39:00Z,SEDENTARY
2025-07-07T03:40:00Z,LIGHTLY_ACTIVE
2025-07-07T03:41:00Z,SEDENTARY
2025-07-07T03:42:00Z,SEDENTARY
2025-07-07T03:43:00Z,SEDENTARY
2025-07-07T03:44:00Z,SEDENTARY
2025-07-07T03:45:00Z,SEDENTARY
2025-07-07T03:46:00Z,SEDENTARY
2025-07-07T03:47:00Z,SEDENTARY
2025-07-07T03:48:00Z,SEDENTARY
2025-07-07T03:49:00Z,SEDENTARY
2025-07-07T03:50:00Z,SEDENTARY
2025-07-07T03:51:00Z,LIGHTLY_ACTIVE
2025-07-07T03:52:00Z,SEDENTARY
2025-07-07T03:53:00Z,SEDENTARY
2025-07-07T03:54:00Z,SEDENTARY
2025-07-07T03:55:00Z,SEDENTARY
2025-07-07T03:56:00Z,SEDENTARY
2025-07-07T03:57:00Z,SEDENTARY
2025-07-07T03:58:00Z,SEDENTARY
2025-07-07T03:59:00Z,SEDENTARY
2025-07-07T04:00:00Z,SEDENTARY
2025-07-07T04:01:00Z,SEDENTARY
2025-07-07T04:02:00Z,SEDENTARY
2025-07-07T04:03:00Z,LIGHTLY_ACTIVE
2025-07-07T04:04:00Z,LIGHTLY_ACTIVE
2025-07-07T04:05:00Z,LIGHTLY_ACTIVE
2025-07-07T04:06:00Z,SEDENTARY
2025-07-07T04:07:00Z,SEDENTARY
2025-07-07T04:08:00Z,SEDENTARY
2025-07-07T04:09:00Z,LIGHTLY_ACTIVE
2025-07-07T04:10:00Z,LIGHTLY_ACTIVE
2025-07-07T04:11:00Z,SEDENTARY
2025-07-07T04:12:00Z,SEDENTARY
2025-07-07T04:13:00Z,LIGHTLY_ACTIVE
2025-07-07T04:14:00Z,MODERATELY_ACTIVE
2025-07-07T04:15:00Z,MODERATELY_ACTIVE
2025-07-07T04:16:00Z,MODERATELY_ACTIVE
2025-07-07T04:17:00Z,VERY_ACTIVE
2025-07-07T04:18:00Z,MODERATELY_ACTIVE
2025-07-07T04:19:00Z,SEDENTARY
2025-07-07T04:20:00Z,SEDENTARY
2025-07-07T04:21:00Z,SEDENTARY
2025-07-07T04:22:00Z,SEDENTARY
2025-07-07T04:23:00Z,SEDENTARY
2025-07-07T04:24:00Z,SEDENTARY
2025-07-07T04:25:00Z,SEDENTARY
2025-07-07T04:26:00Z,SEDENTARY
2025-07-07T04:28:00Z,SEDENTARY
2025-07-07T04:29:00Z,SEDENTARY
2025-07-07T04:30:00Z,SEDENTARY
2025-07-07T04:32:00Z,SEDENTARY
2025-07-07T04:33:00Z,SEDENTARY
2025-07-07T04:36:00Z,SEDENTARY
2025-07-07T04:37:00Z,SEDENTARY
2025-07-07T04:38:00Z,SEDENTARY
2025-07-07T04:39:00Z,SEDENTARY
2025-07-07T04:40:00Z,SEDENTARY
2025-07-07T04:44:00Z,SEDENTARY
2025-07-07T04:45:00Z,SEDENTARY
2025-07-07T04:46:00Z,SEDENTARY
2025-07-07T04:47:00Z,SEDENTARY
2025-07-07T04:48:00Z,SEDENTARY
2025-07-07T04:53:00Z,SEDENTARY
2025-07-07T04:54:00Z,SEDENTARY
2025-07-07T04:56:00Z,SEDENTARY
2025-07-07T04:57:00Z,SEDENTARY
2025-07-07T04:58:00Z,SEDENTARY
2025-07-07T04:59:00Z,SEDENTARY
2025-07-07T05:00:00Z,SEDENTARY
2025-07-07T05:01:00Z,SEDENTARY
2025-07-07T05:02:00Z,SEDENTARY
2025-07-07T05:03:00Z,SEDENTARY
2025-07-07T05:04:00Z,SEDENTARY
2025-07-07T05:05:00Z,SEDENTARY
2025-07-07T05:06:00Z,SEDENTARY
2025-07-07T05:07:00Z,SEDENTARY
2025-07-07T05:08:00Z,SEDENTARY
2025-07-07T05:09:00Z,SEDENTARY
2025-07-07T05:10:00Z,SEDENTARY
2025-07-07T05:12:00Z,SEDENTARY
2025-07-07T05:14:00Z,SEDENTARY
2025-07-07T05:15:00Z,SEDENTARY
2025-07-07T05:17:00Z,SEDENTARY
2025-07-07T05:19:00Z,SEDENTARY
2025-07-07T05:20:00Z,SEDENTARY
2025-07-07T05:22:00Z,SEDENTARY
2025-07-07T05:23:00Z,SEDENTARY
2025-07-07T05:24:00Z,SEDENTARY
2025-07-07T05:26:00Z,SEDENTARY
2025-07-07T05:27:00Z,SEDENTARY
2025-07-07T05:28:00Z,SEDENTARY
2025-07-07T05:29:00Z,SEDENTARY
2025-07-07T05:30:00Z,SEDENTARY
2025-07-07T05:31:00Z,SEDENTARY
2025-07-07T05:32:00Z,SEDENTARY
2025-07-07T05:33:00Z,SEDENTARY
2025-07-07T05:34:00Z,SEDENTARY
2025-07-07T05:35:00Z,SEDENTARY
2025-07-07T05:36:00Z,LIGHTLY_ACTIVE
2025-07-07T05:37:00Z,SEDENTARY
2025-07-07T05:38:00Z,SEDENTARY
2025-07-07T05:39:00Z,SEDENTARY
2025-07-07T05:40:00Z,SEDENTARY
2025-07-07T05:42:00Z,SEDENTARY
2025-07-07T05:43:00Z,SEDENTARY
2025-07-07T05:44:00Z,SEDENTARY
2025-07-07T05:45:00Z,SEDENTARY
2025-07-07T05:46:00Z,SEDENTARY
2025-07-07T05:47:00Z,SEDENTARY
2025-07-07T05:48:00Z,SEDENTARY
2025-07-07T05:49:00Z,SEDENTARY
2025-07-07T05:50:00Z,SEDENTARY
2025-07-07T05:51:00Z,SEDENTARY
2025-07-07T05:52:00Z,SEDENTARY
2025-07-07T05:53:00Z,SEDENTARY
2025-07-07T05:54:00Z,SEDENTARY
2025-07-07T05:55:00Z,SEDENTARY
2025-07-07T05:56:00Z,SEDENTARY
2025-07-07T05:57:00Z,SEDENTARY
2025-07-07T05:59:00Z,SEDENTARY
2025-07-07T06:01:00Z,SEDENTARY
2025-07-07T06:02:00Z,SEDENTARY
2025-07-07T06:04:00Z,SEDENTARY
2025-07-07T06:05:00Z,LIGHTLY_ACTIVE
2025-07-07T06:06:00Z,LIGHTLY_ACTIVE
2025-07-07T06:07:00Z,MODERATELY_ACTIVE
2025-07-07T06:08:00Z,MODERATELY_ACTIVE
2025-07-07T06:09:00Z,SEDENTARY
2025-07-07T06:10:00Z,SEDENTARY
2025-07-07T06:11:00Z,SEDENTARY
2025-07-07T06:12:00Z,SEDENTARY
2025-07-07T06:13:00Z,SEDENTARY
2025-07-07T06:14:00Z,SEDENTARY
2025-07-07T06:15:00Z,SEDENTARY
2025-07-07T06:16:00Z,SEDENTARY
2025-07-07T06:17:00Z,SEDENTARY
2025-07-07T06:18:00Z,SEDENTARY
2025-07-07T06:19:00Z,SEDENTARY
2025-07-07T06:20:00Z,LIGHTLY_ACTIVE
2025-07-07T06:21:00Z,SEDENTARY
2025-07-07T06:23:00Z,SEDENTARY
2025-07-07T06:25:00Z,SEDENTARY
2025-07-07T06:26:00Z,SEDENTARY
2025-07-07T06:28:00Z,SEDENTARY
2025-07-07T06:33:00Z,SEDENTARY
2025-07-07T06:34:00Z,SEDENTARY
2025-07-07T06:35:00Z,SEDENTARY
2025-07-07T06:37:00Z,SEDENTARY
2025-07-07T06:39:00Z,SEDENTARY
2025-07-07T06:40:00Z,SEDENTARY
2025-07-07T06:43:00Z,SEDENTARY
2025-07-07T06:44:00Z,SEDENTARY
2025-07-07T06:45:00Z,SEDENTARY
2025-07-07T06:46:00Z,LIGHTLY_ACTIVE
2025-07-07T06:50:00Z,SEDENTARY
2025-07-07T06:51:00Z,SEDENTARY
2025-07-07T06:52:00Z,SEDENTARY
2025-07-07T06:53:00Z,SEDENTARY
2025-07-07T06:54:00Z,SEDENTARY
2025-07-07T06:55:00Z,SEDENTARY
2025-07-07T06:58:00Z,SEDENTARY
2025-07-07T07:00:00Z,SEDENTARY
2025-07-07T07:03:00Z,SEDENTARY
2025-07-07T07:04:00Z,SEDENTARY
2025-07-07T07:11:00Z,SEDENTARY
2025-07-07T07:12:00Z,SEDENTARY
2025-07-07T07:13:00Z,SEDENTARY
2025-07-07T07:17:00Z,SEDENTARY
2025-07-07T07:18:00Z,SEDENTARY
2025-07-07T07:19:00Z,SEDENTARY
2025-07-07T07:20:00Z,SEDENTARY
2025-07-07T07:21:00Z,SEDENTARY
2025-07-07T07:22:00Z,SEDENTARY
2025-07-07T07:23:00Z,SEDENTARY
2025-07-07T07:24:00Z,SEDENTARY
2025-07-07T07:25:00Z,SEDENTARY
2025-07-07T07:26:00Z,SEDENTARY
2025-07-07T07:27:00Z,SEDENTARY
2025-07-07T07:28:00Z,SEDENTARY
2025-07-07T07:29:00Z,SEDENTARY
2025-07-07T07:30:00Z,SEDENTARY
2025-07-07T07:31:00Z,SEDENTARY
2025-07-07T07:32:00Z,SEDENTARY
2025-07-07T07:33:00Z,SEDENTARY
2025-07-07T07:34:00Z,SEDENTARY
2025-07-07T07:35:00Z,SEDENTARY
2025-07-07T07:36:00Z,MODERATELY_ACTIVE
2025-07-07T07:37:00Z,LIGHTLY_ACTIVE
2025-07-07T07:38:00Z,SEDENTARY
2025-07-07T07:39:00Z,SEDENTARY
2025-07-07T07:41:00Z,SEDENTARY
2025-07-07T07:43:00Z,SEDENTARY
2025-07-07T07:44:00Z,SEDENTARY
2025-07-07T07:45:00Z,SEDENTARY
2025-07-07T07:48:00Z,SEDENTARY
2025-07-07T07:49:00Z,SEDENTARY
2025-07-07T07:50:00Z,LIGHTLY_ACTIVE
2025-07-07T07:51:00Z,SEDENTARY
2025-07-07T07:52:00Z,SEDENTARY
2025-07-07T07:53:00Z,SEDENTARY
2025-07-07T07:54:00Z,SEDENTARY
2025-07-07T07:55:00Z,SEDENTARY
2025-07-07T07:56:00Z,SEDENTARY
2025-07-07T08:02:00Z,SEDENTARY
2025-07-07T08:04:00Z,SEDENTARY
2025-07-07T08:06:00Z,SEDENTARY
2025-07-07T08:07:00Z,SEDENTARY
2025-07-07T08:08:00Z,SEDENTARY
2025-07-07T08:11:00Z,SEDENTARY
2025-07-07T09:09:00Z,SEDENTARY
2025-07-07T09:12:00Z,SEDENTARY
2025-07-07T09:16:00Z,SEDENTARY
2025-07-07T09:19:00Z,SEDENTARY
2025-07-07T09:47:00Z,SEDENTARY
2025-07-07T10:57:00Z,SEDENTARY
2025-07-07T11:07:00Z,SEDENTARY
2025-07-07T11:18:00Z,SEDENTARY
2025-07-07T11:27:00Z,SEDENTARY
2025-07-07T11:32:00Z,SEDENTARY
2025-07-07T12:02:00Z,SEDENTARY
2025-07-07T12:17:00Z,SEDENTARY
2025-07-07T12:18:00Z,SEDENTARY
2025-07-07T12:19:00Z,LIGHTLY_ACTIVE
2025-07-07T12:37:00Z,SEDENTARY
2025-07-07T12:38:00Z,SEDENTARY
2025-07-07T12:48:00Z,SEDENTARY
2025-07-07T12:55:00Z,SEDENTARY
2025-07-07T12:57:00Z,SEDENTARY
2025-07-07T12:58:00Z,SEDENTARY
2025-07-07T13:05:00Z,SEDENTARY
2025-07-07T13:12:00Z,LIGHTLY_ACTIVE
2025-07-07T13:17:00Z,LIGHTLY_ACTIVE
2025-07-07T13:22:00Z,SEDENTARY
2025-07-07T13:23:00Z,SEDENTARY
2025-07-07T13:26:00Z,LIGHTLY_ACTIVE
2025-07-07T13:48:00Z,SEDENTARY
2025-07-07T13:49:00Z,SEDENTARY
2025-07-07T14:12:00Z,SEDENTARY
2025-07-07T14:22:00Z,SEDENTARY
2025-07-07T14:23:00Z,LIGHTLY_ACTIVE
2025-07-07T14:24:00Z,VERY_ACTIVE
2025-07-07T14:25:00Z,LIGHTLY_ACTIVE
2025-07-07T14:26:00Z,SEDENTARY
2025-07-07T14:27:00Z,SEDENTARY
2025-07-07T14:28:00Z,SEDENTARY
2025-07-07T14:29:00Z,SEDENTARY
2025-07-07T14:30:00Z,SEDENTARY
2025-07-07T14:31:00Z,SEDENTARY
2025-07-07T14:32:00Z,SEDENTARY
2025-07-07T14:33:00Z,SEDENTARY
2025-07-07T14:34:00Z,SEDENTARY
2025-07-07T14:35:00Z,SEDENTARY
2025-07-07T14:36:00Z,SEDENTARY
2025-07-07T14:37:00Z,SEDENTARY
2025-07-07T14:38:00Z,SEDENTARY
2025-07-07T14:39:00Z,SEDENTARY
2025-07-07T14:40:00Z,LIGHTLY_ACTIVE
2025-07-07T14:41:00Z,LIGHTLY_ACTIVE
2025-07-07T14:42:00Z,SEDENTARY
2025-07-07T14:43:00Z,SEDENTARY
2025-07-07T14:44:00Z,SEDENTARY
2025-07-07T14:45:00Z,SEDENTARY
2025-07-07T14:46:00Z,SEDENTARY
2025-07-07T14:47:00Z,SEDENTARY
2025-07-07T14:48:00Z,SEDENTARY
2025-07-07T14:49:00Z,LIGHTLY_ACTIVE
2025-07-07T14:50:00Z,SEDENTARY
2025-07-07T14:51:00Z,SEDENTARY
2025-07-07T14:52:00Z,LIGHTLY_ACTIVE
2025-07-07T14:53:00Z,SEDENTARY
2025-07-07T14:54:00Z,SEDENTARY
2025-07-07T14:55:00Z,LIGHTLY_ACTIVE
2025-07-07T14:56:00Z,SEDENTARY
2025-07-07T14:57:00Z,SEDENTARY
2025-07-07T14:58:00Z,SEDENTARY
2025-07-07T14:59:00Z,SEDENTARY
2025-07-07T15:00:00Z,LIGHTLY_ACTIVE
2025-07-07T15:01:00Z,LIGHTLY_ACTIVE
2025-07-07T15:02:00Z,LIGHTLY_ACTIVE
2025-07-07T15:03:00Z,LIGHTLY_ACTIVE
2025-07-07T15:04:00Z,SEDENTARY
2025-07-07T15:05:00Z,SEDENTARY
2025-07-07T15:06:00Z,LIGHTLY_ACTIVE
2025-07-07T15:07:00Z,LIGHTLY_ACTIVE
2025-07-07T15:08:00Z,SEDENTARY
2025-07-07T15:12:00Z,SEDENTARY
2025-07-07T15:16:00Z,SEDENTARY
2025-07-07T15:22:00Z,SEDENTARY
2025-07-07T15:29:00Z,SEDENTARY
2025-07-07T15:30:00Z,SEDENTARY
2025-07-07T15:31:00Z,SEDENTARY
2025-07-07T15:50:00Z,SEDENTARY
2025-07-07T15:52:00Z,SEDENTARY
2025-07-07T15:53:00Z,SEDENTARY
2025-07-07T15:54:00Z,SEDENTARY
2025-07-07T15:56:00Z,SEDENTARY
2025-07-07T15:57:00Z,SEDENTARY
2025-07-07T15:58:00Z,SEDENTARY
2025-07-07T16:01:00Z,SEDENTARY
